-- Data Migration SQL
-- Generated from remote database export
-- Skips UUID columns

-- Users (2 records)
INSERT OR IGNORE INTO users (id, role, updated_at, created_at, email, reset_password_token, reset_password_expiration, salt, hash, login_attempts, lock_until) VALUES (1, 'creator', '2025-10-16T01:08:52.156Z', '2025-10-15T20:25:51.368Z', 'mike@the-ottoman.com', NULL, NULL, 'fa14d866ffb86a01ad7d3fdb92768c19a3dc75574e2183d01649954208e82f09', '6560686066d9dbc8d6987449ffb8eb55b35db5a2d2f22ebc7fe2efbe6e3141a8a3ccbb0e7dfe4c954bc3d495bfc12b9c3d19579c8706bad412310a272bd771bca2e573d269129aaabb686c7a9cd5bff1b8b77a7a520bba89ef34f403b1b9a02aa2fabf1bb7f72d8755f66be381d21472b3f9d52af5c73a65111b992ab560ad6555e1bbd2889e11c1efe0a7293a363022c8e4f3b31491ea8be9338c3a87e0c71eb61a607274185918fd987bbf04493c48f6c7a66925fafec785b2d84fe4ede9721ba1fe6910a8b1b94ef5c83a3a2431918665c3769da95fb2cb29bbe243e0945701b16116bd706c07c4677df60586fb093bed8786e02c0437798d0d6ebd219c2f58bacaa192ebfda4f41327f99fcc29cb0a66df02d2fd3b3b7f8ad21d0cf5b5fcf28dafdd83d7ff12a62db5c4fc6b5d674134df090b8c47d9d680a21d400ead5b8265a770798cba21919372498af7d47952d3aa2d39b0e4f0eb5d1316c1284bf4960e392a1259d0f1c5cec759d96d9722d2b12a6937dcdd88dc069120a7fb730260659d54782945ae65db024da686ae1eff2cad794300c589bb327a311db8ab1bf8a76785595b2e162f0263a513113d9863a056d596d050782085e6eca9ff8129ecd74d49d644c9517756208c9b58a622ed5adf5ae3d4e6ad7691d2f3ff94e66e45f8afe624475f9987d27180195eda86706239a3d646a68fbf04ba505c268fe1', 0, NULL);
INSERT OR IGNORE INTO users (id, role, updated_at, created_at, email, reset_password_token, reset_password_expiration, salt, hash, login_attempts, lock_until) VALUES (2, 'admin', '2025-10-17T14:19:29.191Z', '2025-10-15T20:25:51.446Z', 'mike@luckbat.com', NULL, NULL, '7aae678915dbbaef3090204be712e0c68d48c3f8f1b3dfe7daf9d684e317a321', '410686b63911753a4882cc154d8a867ba990f548d03d71d0ee6fdc91e55681b4df8a93132afbc8782981504d975d26d3d6b1fe1ea2acbf57f2def0efc6d8f575b274fada90b49eeabd9049b9fdb800a8cf8ac73539740efbc7137ba3199d9c7a94d8da44a31aa1200be033cc85cdc86bdceabee14d1de9c8bf8dc92e91495a766440209c34655bdf42b889751ed1f935ed9f71350ec72462ed7dbd1984ecdd12fe6ee352d9a0884d5b9dfad23a3d649addb4270eb90880bfaae7be25400ce3162bb5435d55cb4e930cfb0079c6b2d3ea149ad73af3c3417bf4cf9ec27aefd45b16f314b530ece24eb8fafe62daca8ee25f792d4e174f79f04fc36587b80d48573bf111af6b255966fa3b1db6237f6a5dfb446cffab3d81cc1875de4aa7a70403740b0461e42947b035715035c780c9d0e53bd067fc8a38b20870188b15aaa5135fd4b06dd02de725b6b89f04a58eef2633e7562083f44126e9bc76ddfa4dd035fbe13439e746f79e8d0fa2e0b5fd32bff34ae7cd37245f72270e566cffe023e7c28813ccdabc05972bcc391bb0db2b6ab60e891d8b9521dd8e8281ebc5ca378adc3958e7479857536a2eaebeafde72f23a91514dff06c1c4dbaf34dcb6ca5e9d677259d9059177d0885709256496cf1bcb20d217e5fdcf7e8a8a81a61096ac8e76b36c6e774b72f2947f71f9274da3b0cc4e075bf68c5a0f174f18252fa0de9a', 0, NULL);

-- Media (42 records)
INSERT OR IGNORE INTO media (id, alt, caption, image_sizes, media_type, uploaded_by_id, is_public, comic_meta_related_comic_id, comic_meta_is_n_s_f_w, updated_at, created_at, url, thumbnail_u_r_l, filename, mime_type, filesize, width, height) VALUES (1, NULL, NULL, '[{"name":"thumbnail","width":1600,"height":2626,"url":"/api/media/thumbnail/issue-2-page-22-thumbnail.jpg","mimeType":"image/jpg","filesize":66759,"filename":"issue-2-page-22-thumbnail.jpg"},{"name":"thumbnail_small","width":1600,"height":2626,"url":"/api/media/thumbnail/issue-2-page-22-thumbnail_small.jpg","mimeType":"image/jpg","filesize":19428,"filename":"issue-2-page-22-thumbnail_small.jpg"},{"name":"webcomic_page","width":1600,"height":2626,"url":"/api/media/thumbnail/issue-2-page-22-webcomic_page.jpg","mimeType":"image/jpg","filesize":226854,"filename":"issue-2-page-22-webcomic_page.jpg"},{"name":"webcomic_mobile","width":1600,"height":2626,"url":"/api/media/thumbnail/issue-2-page-22-webcomic_mobile.jpg","mimeType":"image/jpg","filesize":66759,"filename":"issue-2-page-22-webcomic_mobile.jpg"},{"name":"cover_image","width":1600,"height":2626,"url":"/api/media/thumbnail/issue-2-page-22-cover_image.jpg","mimeType":"image/jpg","filesize":117272,"filename":"issue-2-page-22-cover_image.jpg"},{"name":"social_preview","width":1600,"height":2626,"url":"/api/media/thumbnail/issue-2-page-22-social_preview.jpg","mimeType":"image/jpg","filesize":139226,"filename":"issue-2-page-22-social_preview.jpg"},{"name":"avatar","width":1600,"height":2626,"url":"/api/media/thumbnail/issue-2-page-22-avatar.jpg","mimeType":"image/jpg","filesize":12191,"filename":"issue-2-page-22-avatar.jpg"}]', 'general', 2, 1, NULL, 0, '2025-10-16T01:03:49.477Z', '2025-10-16T01:03:49.477Z', 'issue-2-page-22.jpg', NULL, 'issue-2-page-22.jpg', 'image/jpg', 522147, 1600, 2626);
INSERT OR IGNORE INTO media (id, alt, caption, image_sizes, media_type, uploaded_by_id, is_public, comic_meta_related_comic_id, comic_meta_is_n_s_f_w, updated_at, created_at, url, thumbnail_u_r_l, filename, mime_type, filesize, width, height) VALUES (2, NULL, NULL, '[{"name":"thumbnail","width":1600,"height":2626,"url":"/api/media/thumbnail/issue-2-page-16-thumbnail.jpg","mimeType":"image/jpg","filesize":63369,"filename":"issue-2-page-16-thumbnail.jpg"},{"name":"thumbnail_small","width":1600,"height":2626,"url":"/api/media/thumbnail/issue-2-page-16-thumbnail_small.jpg","mimeType":"image/jpg","filesize":18053,"filename":"issue-2-page-16-thumbnail_small.jpg"},{"name":"webcomic_page","width":1600,"height":2626,"url":"/api/media/thumbnail/issue-2-page-16-webcomic_page.jpg","mimeType":"image/jpg","filesize":221249,"filename":"issue-2-page-16-webcomic_page.jpg"},{"name":"webcomic_mobile","width":1600,"height":2626,"url":"/api/media/thumbnail/issue-2-page-16-webcomic_mobile.jpg","mimeType":"image/jpg","filesize":63369,"filename":"issue-2-page-16-webcomic_mobile.jpg"},{"name":"cover_image","width":1600,"height":2626,"url":"/api/media/thumbnail/issue-2-page-16-cover_image.jpg","mimeType":"image/jpg","filesize":106417,"filename":"issue-2-page-16-cover_image.jpg"},{"name":"social_preview","width":1600,"height":2626,"url":"/api/media/thumbnail/issue-2-page-16-social_preview.jpg","mimeType":"image/jpg","filesize":114460,"filename":"issue-2-page-16-social_preview.jpg"},{"name":"avatar","width":1600,"height":2626,"url":"/api/media/thumbnail/issue-2-page-16-avatar.jpg","mimeType":"image/jpg","filesize":10159,"filename":"issue-2-page-16-avatar.jpg"}]', 'general', 2, 1, NULL, 0, '2025-10-16T01:03:49.477Z', '2025-10-16T01:03:49.477Z', 'issue-2-page-16.jpg', NULL, 'issue-2-page-16.jpg', 'image/jpg', 519527, 1600, 2626);
INSERT OR IGNORE INTO media (id, alt, caption, image_sizes, media_type, uploaded_by_id, is_public, comic_meta_related_comic_id, comic_meta_is_n_s_f_w, updated_at, created_at, url, thumbnail_u_r_l, filename, mime_type, filesize, width, height) VALUES (3, NULL, NULL, '[{"name":"thumbnail","width":1600,"height":2626,"url":"/api/media/thumbnail/issue-2-page-18-thumbnail.jpg","mimeType":"image/jpg","filesize":66228,"filename":"issue-2-page-18-thumbnail.jpg"},{"name":"thumbnail_small","width":1600,"height":2626,"url":"/api/media/thumbnail/issue-2-page-18-thumbnail_small.jpg","mimeType":"image/jpg","filesize":19064,"filename":"issue-2-page-18-thumbnail_small.jpg"},{"name":"webcomic_page","width":1600,"height":2626,"url":"/api/media/thumbnail/issue-2-page-18-webcomic_page.jpg","mimeType":"image/jpg","filesize":225082,"filename":"issue-2-page-18-webcomic_page.jpg"},{"name":"webcomic_mobile","width":1600,"height":2626,"url":"/api/media/thumbnail/issue-2-page-18-webcomic_mobile.jpg","mimeType":"image/jpg","filesize":66228,"filename":"issue-2-page-18-webcomic_mobile.jpg"},{"name":"cover_image","width":1600,"height":2626,"url":"/api/media/thumbnail/issue-2-page-18-cover_image.jpg","mimeType":"image/jpg","filesize":108794,"filename":"issue-2-page-18-cover_image.jpg"},{"name":"social_preview","width":1600,"height":2626,"url":"/api/media/thumbnail/issue-2-page-18-social_preview.jpg","mimeType":"image/jpg","filesize":148537,"filename":"issue-2-page-18-social_preview.jpg"},{"name":"avatar","width":1600,"height":2626,"url":"/api/media/thumbnail/issue-2-page-18-avatar.jpg","mimeType":"image/jpg","filesize":11983,"filename":"issue-2-page-18-avatar.jpg"}]', 'general', 2, 1, NULL, 0, '2025-10-16T01:03:49.477Z', '2025-10-16T01:03:49.477Z', 'issue-2-page-18.jpg', NULL, 'issue-2-page-18.jpg', 'image/jpg', 507786, 1600, 2626);
INSERT OR IGNORE INTO media (id, alt, caption, image_sizes, media_type, uploaded_by_id, is_public, comic_meta_related_comic_id, comic_meta_is_n_s_f_w, updated_at, created_at, url, thumbnail_u_r_l, filename, mime_type, filesize, width, height) VALUES (4, NULL, NULL, '[{"name":"thumbnail","width":1600,"height":2464,"url":"/api/media/thumbnail/issue-3-cover-thumbnail.jpg","mimeType":"image/jpg","filesize":61028,"filename":"issue-3-cover-thumbnail.jpg"},{"name":"thumbnail_small","width":1600,"height":2464,"url":"/api/media/thumbnail/issue-3-cover-thumbnail_small.jpg","mimeType":"image/jpg","filesize":17945,"filename":"issue-3-cover-thumbnail_small.jpg"},{"name":"webcomic_page","width":1600,"height":2464,"url":"/api/media/thumbnail/issue-3-cover-webcomic_page.jpg","mimeType":"image/jpg","filesize":189138,"filename":"issue-3-cover-webcomic_page.jpg"},{"name":"webcomic_mobile","width":1600,"height":2464,"url":"/api/media/thumbnail/issue-3-cover-webcomic_mobile.jpg","mimeType":"image/jpg","filesize":61028,"filename":"issue-3-cover-webcomic_mobile.jpg"},{"name":"cover_image","width":1600,"height":2464,"url":"/api/media/thumbnail/issue-3-cover-cover_image.jpg","mimeType":"image/jpg","filesize":104465,"filename":"issue-3-cover-cover_image.jpg"},{"name":"social_preview","width":1600,"height":2464,"url":"/api/media/thumbnail/issue-3-cover-social_preview.jpg","mimeType":"image/jpg","filesize":117528,"filename":"issue-3-cover-social_preview.jpg"},{"name":"avatar","width":1600,"height":2464,"url":"/api/media/thumbnail/issue-3-cover-avatar.jpg","mimeType":"image/jpg","filesize":11604,"filename":"issue-3-cover-avatar.jpg"}]', 'general', 2, 1, NULL, 0, '2025-10-16T01:03:49.477Z', '2025-10-16T01:03:49.477Z', 'issue-3-cover.jpg', NULL, 'issue-3-cover.jpg', 'image/jpg', 407810, 1600, 2464);
INSERT OR IGNORE INTO media (id, alt, caption, image_sizes, media_type, uploaded_by_id, is_public, comic_meta_related_comic_id, comic_meta_is_n_s_f_w, updated_at, created_at, url, thumbnail_u_r_l, filename, mime_type, filesize, width, height) VALUES (5, NULL, NULL, '[{"name":"thumbnail","width":1600,"height":2626,"url":"/api/media/thumbnail/issue-3-page_2-thumbnail.jpg","mimeType":"image/jpg","filesize":60283,"filename":"issue-3-page_2-thumbnail.jpg"},{"name":"thumbnail_small","width":1600,"height":2626,"url":"/api/media/thumbnail/issue-3-page_2-thumbnail_small.jpg","mimeType":"image/jpg","filesize":17887,"filename":"issue-3-page_2-thumbnail_small.jpg"},{"name":"webcomic_page","width":1600,"height":2626,"url":"/api/media/thumbnail/issue-3-page_2-webcomic_page.jpg","mimeType":"image/jpg","filesize":200212,"filename":"issue-3-page_2-webcomic_page.jpg"},{"name":"webcomic_mobile","width":1600,"height":2626,"url":"/api/media/thumbnail/issue-3-page_2-webcomic_mobile.jpg","mimeType":"image/jpg","filesize":60283,"filename":"issue-3-page_2-webcomic_mobile.jpg"},{"name":"cover_image","width":1600,"height":2626,"url":"/api/media/thumbnail/issue-3-page_2-cover_image.jpg","mimeType":"image/jpg","filesize":99770,"filename":"issue-3-page_2-cover_image.jpg"},{"name":"social_preview","width":1600,"height":2626,"url":"/api/media/thumbnail/issue-3-page_2-social_preview.jpg","mimeType":"image/jpg","filesize":122203,"filename":"issue-3-page_2-social_preview.jpg"},{"name":"avatar","width":1600,"height":2626,"url":"/api/media/thumbnail/issue-3-page_2-avatar.jpg","mimeType":"image/jpg","filesize":10778,"filename":"issue-3-page_2-avatar.jpg"}]', 'general', 2, 1, NULL, 0, '2025-10-16T01:03:49.477Z', '2025-10-16T01:03:49.477Z', 'issue-3-page_2.jpg', NULL, 'issue-3-page_2.jpg', 'image/jpg', 452049, 1600, 2626);
INSERT OR IGNORE INTO media (id, alt, caption, image_sizes, media_type, uploaded_by_id, is_public, comic_meta_related_comic_id, comic_meta_is_n_s_f_w, updated_at, created_at, url, thumbnail_u_r_l, filename, mime_type, filesize, width, height) VALUES (6, NULL, NULL, '[{"name":"thumbnail","width":1600,"height":2626,"url":"/api/media/thumbnail/issue-3-page-6-thumbnail.jpg","mimeType":"image/jpg","filesize":70329,"filename":"issue-3-page-6-thumbnail.jpg"},{"name":"thumbnail_small","width":1600,"height":2626,"url":"/api/media/thumbnail/issue-3-page-6-thumbnail_small.jpg","mimeType":"image/jpg","filesize":19001,"filename":"issue-3-page-6-thumbnail_small.jpg"},{"name":"webcomic_page","width":1600,"height":2626,"url":"/api/media/thumbnail/issue-3-page-6-webcomic_page.jpg","mimeType":"image/jpg","filesize":261132,"filename":"issue-3-page-6-webcomic_page.jpg"},{"name":"webcomic_mobile","width":1600,"height":2626,"url":"/api/media/thumbnail/issue-3-page-6-webcomic_mobile.jpg","mimeType":"image/jpg","filesize":70329,"filename":"issue-3-page-6-webcomic_mobile.jpg"},{"name":"cover_image","width":1600,"height":2626,"url":"/api/media/thumbnail/issue-3-page-6-cover_image.jpg","mimeType":"image/jpg","filesize":126151,"filename":"issue-3-page-6-cover_image.jpg"},{"name":"social_preview","width":1600,"height":2626,"url":"/api/media/thumbnail/issue-3-page-6-social_preview.jpg","mimeType":"image/jpg","filesize":164678,"filename":"issue-3-page-6-social_preview.jpg"},{"name":"avatar","width":1600,"height":2626,"url":"/api/media/thumbnail/issue-3-page-6-avatar.jpg","mimeType":"image/jpg","filesize":11676,"filename":"issue-3-page-6-avatar.jpg"}]', 'comic_page', 2, 1, NULL, 0, '2025-10-16T01:03:49.477Z', '2025-10-16T01:03:49.477Z', 'issue-3-page-6.jpg', NULL, 'issue-3-page-6.jpg', 'image/jpg', 647585, 1600, 2626);
INSERT OR IGNORE INTO media (id, alt, caption, image_sizes, media_type, uploaded_by_id, is_public, comic_meta_related_comic_id, comic_meta_is_n_s_f_w, updated_at, created_at, url, thumbnail_u_r_l, filename, mime_type, filesize, width, height) VALUES (7, NULL, NULL, '[{"name":"thumbnail","width":1600,"height":2626,"url":"/api/media/thumbnail/issue-2-page-15-thumbnail.jpg","mimeType":"image/jpg","filesize":63369,"filename":"issue-2-page-15-thumbnail.jpg"},{"name":"thumbnail_small","width":1600,"height":2626,"url":"/api/media/thumbnail/issue-2-page-15-thumbnail_small.jpg","mimeType":"image/jpg","filesize":18053,"filename":"issue-2-page-15-thumbnail_small.jpg"},{"name":"webcomic_page","width":1600,"height":2626,"url":"/api/media/thumbnail/issue-2-page-15-webcomic_page.jpg","mimeType":"image/jpg","filesize":221249,"filename":"issue-2-page-15-webcomic_page.jpg"},{"name":"webcomic_mobile","width":1600,"height":2626,"url":"/api/media/thumbnail/issue-2-page-15-webcomic_mobile.jpg","mimeType":"image/jpg","filesize":63369,"filename":"issue-2-page-15-webcomic_mobile.jpg"},{"name":"cover_image","width":1600,"height":2626,"url":"/api/media/thumbnail/issue-2-page-15-cover_image.jpg","mimeType":"image/jpg","filesize":106417,"filename":"issue-2-page-15-cover_image.jpg"},{"name":"social_preview","width":1600,"height":2626,"url":"/api/media/thumbnail/issue-2-page-15-social_preview.jpg","mimeType":"image/jpg","filesize":114460,"filename":"issue-2-page-15-social_preview.jpg"},{"name":"avatar","width":1600,"height":2626,"url":"/api/media/thumbnail/issue-2-page-15-avatar.jpg","mimeType":"image/jpg","filesize":10159,"filename":"issue-2-page-15-avatar.jpg"}]', 'general', 2, 1, NULL, 0, '2025-10-16T01:03:49.478Z', '2025-10-16T01:03:49.478Z', 'issue-2-page-15.jpg', NULL, 'issue-2-page-15.jpg', 'image/jpg', 519527, 1600, 2626);
INSERT OR IGNORE INTO media (id, alt, caption, image_sizes, media_type, uploaded_by_id, is_public, comic_meta_related_comic_id, comic_meta_is_n_s_f_w, updated_at, created_at, url, thumbnail_u_r_l, filename, mime_type, filesize, width, height) VALUES (8, NULL, NULL, '[{"name":"thumbnail","width":1600,"height":2626,"url":"/api/media/thumbnail/issue-2-page-17-thumbnail.jpg","mimeType":"image/jpg","filesize":66228,"filename":"issue-2-page-17-thumbnail.jpg"},{"name":"thumbnail_small","width":1600,"height":2626,"url":"/api/media/thumbnail/issue-2-page-17-thumbnail_small.jpg","mimeType":"image/jpg","filesize":19064,"filename":"issue-2-page-17-thumbnail_small.jpg"},{"name":"webcomic_page","width":1600,"height":2626,"url":"/api/media/thumbnail/issue-2-page-17-webcomic_page.jpg","mimeType":"image/jpg","filesize":225082,"filename":"issue-2-page-17-webcomic_page.jpg"},{"name":"webcomic_mobile","width":1600,"height":2626,"url":"/api/media/thumbnail/issue-2-page-17-webcomic_mobile.jpg","mimeType":"image/jpg","filesize":66228,"filename":"issue-2-page-17-webcomic_mobile.jpg"},{"name":"cover_image","width":1600,"height":2626,"url":"/api/media/thumbnail/issue-2-page-17-cover_image.jpg","mimeType":"image/jpg","filesize":108794,"filename":"issue-2-page-17-cover_image.jpg"},{"name":"social_preview","width":1600,"height":2626,"url":"/api/media/thumbnail/issue-2-page-17-social_preview.jpg","mimeType":"image/jpg","filesize":148537,"filename":"issue-2-page-17-social_preview.jpg"},{"name":"avatar","width":1600,"height":2626,"url":"/api/media/thumbnail/issue-2-page-17-avatar.jpg","mimeType":"image/jpg","filesize":11983,"filename":"issue-2-page-17-avatar.jpg"}]', 'general', 2, 1, NULL, 0, '2025-10-16T01:03:49.478Z', '2025-10-16T01:03:49.478Z', 'issue-2-page-17.jpg', NULL, 'issue-2-page-17.jpg', 'image/jpg', 507786, 1600, 2626);
INSERT OR IGNORE INTO media (id, alt, caption, image_sizes, media_type, uploaded_by_id, is_public, comic_meta_related_comic_id, comic_meta_is_n_s_f_w, updated_at, created_at, url, thumbnail_u_r_l, filename, mime_type, filesize, width, height) VALUES (9, NULL, NULL, '[{"name":"thumbnail","width":1600,"height":2626,"url":"/api/media/thumbnail/issue-2-page-19-thumbnail.jpg","mimeType":"image/jpg","filesize":52445,"filename":"issue-2-page-19-thumbnail.jpg"},{"name":"thumbnail_small","width":1600,"height":2626,"url":"/api/media/thumbnail/issue-2-page-19-thumbnail_small.jpg","mimeType":"image/jpg","filesize":15609,"filename":"issue-2-page-19-thumbnail_small.jpg"},{"name":"webcomic_page","width":1600,"height":2626,"url":"/api/media/thumbnail/issue-2-page-19-webcomic_page.jpg","mimeType":"image/jpg","filesize":178856,"filename":"issue-2-page-19-webcomic_page.jpg"},{"name":"webcomic_mobile","width":1600,"height":2626,"url":"/api/media/thumbnail/issue-2-page-19-webcomic_mobile.jpg","mimeType":"image/jpg","filesize":52445,"filename":"issue-2-page-19-webcomic_mobile.jpg"},{"name":"cover_image","width":1600,"height":2626,"url":"/api/media/thumbnail/issue-2-page-19-cover_image.jpg","mimeType":"image/jpg","filesize":84073,"filename":"issue-2-page-19-cover_image.jpg"},{"name":"social_preview","width":1600,"height":2626,"url":"/api/media/thumbnail/issue-2-page-19-social_preview.jpg","mimeType":"image/jpg","filesize":90727,"filename":"issue-2-page-19-social_preview.jpg"},{"name":"avatar","width":1600,"height":2626,"url":"/api/media/thumbnail/issue-2-page-19-avatar.jpg","mimeType":"image/jpg","filesize":8683,"filename":"issue-2-page-19-avatar.jpg"}]', 'general', 2, 1, NULL, 0, '2025-10-16T01:03:49.478Z', '2025-10-16T01:03:49.478Z', 'issue-2-page-19.jpg', NULL, 'issue-2-page-19.jpg', 'image/jpg', 404446, 1600, 2626);
INSERT OR IGNORE INTO media (id, alt, caption, image_sizes, media_type, uploaded_by_id, is_public, comic_meta_related_comic_id, comic_meta_is_n_s_f_w, updated_at, created_at, url, thumbnail_u_r_l, filename, mime_type, filesize, width, height) VALUES (10, NULL, NULL, '[{"name":"thumbnail","width":1600,"height":2626,"url":"/api/media/thumbnail/issue-3-page_1-thumbnail.jpg","mimeType":"image/jpg","filesize":59799,"filename":"issue-3-page_1-thumbnail.jpg"},{"name":"thumbnail_small","width":1600,"height":2626,"url":"/api/media/thumbnail/issue-3-page_1-thumbnail_small.jpg","mimeType":"image/jpg","filesize":17421,"filename":"issue-3-page_1-thumbnail_small.jpg"},{"name":"webcomic_page","width":1600,"height":2626,"url":"/api/media/thumbnail/issue-3-page_1-webcomic_page.jpg","mimeType":"image/jpg","filesize":203086,"filename":"issue-3-page_1-webcomic_page.jpg"},{"name":"webcomic_mobile","width":1600,"height":2626,"url":"/api/media/thumbnail/issue-3-page_1-webcomic_mobile.jpg","mimeType":"image/jpg","filesize":59799,"filename":"issue-3-page_1-webcomic_mobile.jpg"},{"name":"cover_image","width":1600,"height":2626,"url":"/api/media/thumbnail/issue-3-page_1-cover_image.jpg","mimeType":"image/jpg","filesize":103792,"filename":"issue-3-page_1-cover_image.jpg"},{"name":"social_preview","width":1600,"height":2626,"url":"/api/media/thumbnail/issue-3-page_1-social_preview.jpg","mimeType":"image/jpg","filesize":129381,"filename":"issue-3-page_1-social_preview.jpg"},{"name":"avatar","width":1600,"height":2626,"url":"/api/media/thumbnail/issue-3-page_1-avatar.jpg","mimeType":"image/jpg","filesize":11023,"filename":"issue-3-page_1-avatar.jpg"}]', 'general', 2, 1, NULL, 0, '2025-10-16T01:03:49.478Z', '2025-10-16T01:03:49.478Z', 'issue-3-page_1.jpg', NULL, 'issue-3-page_1.jpg', 'image/jpg', 470115, 1600, 2626);
INSERT OR IGNORE INTO media (id, alt, caption, image_sizes, media_type, uploaded_by_id, is_public, comic_meta_related_comic_id, comic_meta_is_n_s_f_w, updated_at, created_at, url, thumbnail_u_r_l, filename, mime_type, filesize, width, height) VALUES (11, NULL, NULL, '[{"name":"thumbnail","width":1600,"height":2626,"url":"/api/media/thumbnail/issue-3-page-3-thumbnail.jpg","mimeType":"image/jpg","filesize":67886,"filename":"issue-3-page-3-thumbnail.jpg"},{"name":"thumbnail_small","width":1600,"height":2626,"url":"/api/media/thumbnail/issue-3-page-3-thumbnail_small.jpg","mimeType":"image/jpg","filesize":20270,"filename":"issue-3-page-3-thumbnail_small.jpg"},{"name":"webcomic_page","width":1600,"height":2626,"url":"/api/media/thumbnail/issue-3-page-3-webcomic_page.jpg","mimeType":"image/jpg","filesize":220846,"filename":"issue-3-page-3-webcomic_page.jpg"},{"name":"webcomic_mobile","width":1600,"height":2626,"url":"/api/media/thumbnail/issue-3-page-3-webcomic_mobile.jpg","mimeType":"image/jpg","filesize":67886,"filename":"issue-3-page-3-webcomic_mobile.jpg"},{"name":"cover_image","width":1600,"height":2626,"url":"/api/media/thumbnail/issue-3-page-3-cover_image.jpg","mimeType":"image/jpg","filesize":112145,"filename":"issue-3-page-3-cover_image.jpg"},{"name":"social_preview","width":1600,"height":2626,"url":"/api/media/thumbnail/issue-3-page-3-social_preview.jpg","mimeType":"image/jpg","filesize":154192,"filename":"issue-3-page-3-social_preview.jpg"},{"name":"avatar","width":1600,"height":2626,"url":"/api/media/thumbnail/issue-3-page-3-avatar.jpg","mimeType":"image/jpg","filesize":13152,"filename":"issue-3-page-3-avatar.jpg"}]', 'comic_page', 2, 1, NULL, 0, '2025-10-16T01:03:49.478Z', '2025-10-16T01:03:49.478Z', 'issue-3-page-3.jpg', NULL, 'issue-3-page-3.jpg', 'image/jpg', 496473, 1600, 2626);
INSERT OR IGNORE INTO media (id, alt, caption, image_sizes, media_type, uploaded_by_id, is_public, comic_meta_related_comic_id, comic_meta_is_n_s_f_w, updated_at, created_at, url, thumbnail_u_r_l, filename, mime_type, filesize, width, height) VALUES (12, NULL, NULL, '[{"name":"thumbnail","width":1600,"height":2626,"url":"/api/media/thumbnail/issue-3-page-4-thumbnail.jpg","mimeType":"image/jpg","filesize":64425,"filename":"issue-3-page-4-thumbnail.jpg"},{"name":"thumbnail_small","width":1600,"height":2626,"url":"/api/media/thumbnail/issue-3-page-4-thumbnail_small.jpg","mimeType":"image/jpg","filesize":18634,"filename":"issue-3-page-4-thumbnail_small.jpg"},{"name":"webcomic_page","width":1600,"height":2626,"url":"/api/media/thumbnail/issue-3-page-4-webcomic_page.jpg","mimeType":"image/jpg","filesize":214231,"filename":"issue-3-page-4-webcomic_page.jpg"},{"name":"webcomic_mobile","width":1600,"height":2626,"url":"/api/media/thumbnail/issue-3-page-4-webcomic_mobile.jpg","mimeType":"image/jpg","filesize":64425,"filename":"issue-3-page-4-webcomic_mobile.jpg"},{"name":"cover_image","width":1600,"height":2626,"url":"/api/media/thumbnail/issue-3-page-4-cover_image.jpg","mimeType":"image/jpg","filesize":102460,"filename":"issue-3-page-4-cover_image.jpg"},{"name":"social_preview","width":1600,"height":2626,"url":"/api/media/thumbnail/issue-3-page-4-social_preview.jpg","mimeType":"image/jpg","filesize":54539,"filename":"issue-3-page-4-social_preview.jpg"},{"name":"avatar","width":1600,"height":2626,"url":"/api/media/thumbnail/issue-3-page-4-avatar.jpg","mimeType":"image/jpg","filesize":10101,"filename":"issue-3-page-4-avatar.jpg"}]', 'comic_page', 2, 1, NULL, 0, '2025-10-16T01:03:49.478Z', '2025-10-16T01:03:49.478Z', 'issue-3-page-4.jpg', NULL, 'issue-3-page-4.jpg', 'image/jpg', 500997, 1600, 2626);
INSERT OR IGNORE INTO media (id, alt, caption, image_sizes, media_type, uploaded_by_id, is_public, comic_meta_related_comic_id, comic_meta_is_n_s_f_w, updated_at, created_at, url, thumbnail_u_r_l, filename, mime_type, filesize, width, height) VALUES (13, NULL, NULL, '[{"name":"thumbnail","width":1600,"height":2626,"url":"/api/media/thumbnail/issue-3-page-5-thumbnail.jpg","mimeType":"image/jpg","filesize":71061,"filename":"issue-3-page-5-thumbnail.jpg"},{"name":"thumbnail_small","width":1600,"height":2626,"url":"/api/media/thumbnail/issue-3-page-5-thumbnail_small.jpg","mimeType":"image/jpg","filesize":20509,"filename":"issue-3-page-5-thumbnail_small.jpg"},{"name":"webcomic_page","width":1600,"height":2626,"url":"/api/media/thumbnail/issue-3-page-5-webcomic_page.jpg","mimeType":"image/jpg","filesize":236048,"filename":"issue-3-page-5-webcomic_page.jpg"},{"name":"webcomic_mobile","width":1600,"height":2626,"url":"/api/media/thumbnail/issue-3-page-5-webcomic_mobile.jpg","mimeType":"image/jpg","filesize":71061,"filename":"issue-3-page-5-webcomic_mobile.jpg"},{"name":"cover_image","width":1600,"height":2626,"url":"/api/media/thumbnail/issue-3-page-5-cover_image.jpg","mimeType":"image/jpg","filesize":121696,"filename":"issue-3-page-5-cover_image.jpg"},{"name":"social_preview","width":1600,"height":2626,"url":"/api/media/thumbnail/issue-3-page-5-social_preview.jpg","mimeType":"image/jpg","filesize":170896,"filename":"issue-3-page-5-social_preview.jpg"},{"name":"avatar","width":1600,"height":2626,"url":"/api/media/thumbnail/issue-3-page-5-avatar.jpg","mimeType":"image/jpg","filesize":13068,"filename":"issue-3-page-5-avatar.jpg"}]', 'comic_page', 2, 1, NULL, 0, '2025-10-16T01:03:49.478Z', '2025-10-16T01:03:49.478Z', 'issue-3-page-5.jpg', NULL, 'issue-3-page-5.jpg', 'image/jpg', 537392, 1600, 2626);
INSERT OR IGNORE INTO media (id, alt, caption, image_sizes, media_type, uploaded_by_id, is_public, comic_meta_related_comic_id, comic_meta_is_n_s_f_w, updated_at, created_at, url, thumbnail_u_r_l, filename, mime_type, filesize, width, height) VALUES (14, 'Cover artwork for The Automan''s Daughter, chapter 1', NULL, '[{"name":"thumbnail","width":1600,"height":2464,"url":"/api/media/thumbnail/issue-1-cover-thumbnail.jpg","mimeType":"image/jpg","filesize":51575,"filename":"issue-1-cover-thumbnail.jpg"},{"name":"thumbnail_small","width":1600,"height":2464,"url":"/api/media/thumbnail/issue-1-cover-thumbnail_small.jpg","mimeType":"image/jpg","filesize":15896,"filename":"issue-1-cover-thumbnail_small.jpg"},{"name":"webcomic_page","width":1600,"height":2464,"url":"/api/media/thumbnail/issue-1-cover-webcomic_page.jpg","mimeType":"image/jpg","filesize":166175,"filename":"issue-1-cover-webcomic_page.jpg"},{"name":"webcomic_mobile","width":1600,"height":2464,"url":"/api/media/thumbnail/issue-1-cover-webcomic_mobile.jpg","mimeType":"image/jpg","filesize":51575,"filename":"issue-1-cover-webcomic_mobile.jpg"},{"name":"cover_image","width":1600,"height":2464,"url":"/api/media/thumbnail/issue-1-cover-cover_image.jpg","mimeType":"image/jpg","filesize":92770,"filename":"issue-1-cover-cover_image.jpg"},{"name":"social_preview","width":1600,"height":2464,"url":"/api/media/thumbnail/issue-1-cover-social_preview.jpg","mimeType":"image/jpg","filesize":138112,"filename":"issue-1-cover-social_preview.jpg"},{"name":"avatar","width":1600,"height":2464,"url":"/api/media/thumbnail/issue-1-cover-avatar.jpg","mimeType":"image/jpg","filesize":10636,"filename":"issue-1-cover-avatar.jpg"}]', 'comic_cover', 2, 1, NULL, 0, '2025-10-16T01:03:49.478Z', '2025-10-16T01:03:49.478Z', 'issue-1-cover.jpg', NULL, 'issue-1-cover.jpg', 'image/jpg', 333480, 1600, 2464);
INSERT OR IGNORE INTO media (id, alt, caption, image_sizes, media_type, uploaded_by_id, is_public, comic_meta_related_comic_id, comic_meta_is_n_s_f_w, updated_at, created_at, url, thumbnail_u_r_l, filename, mime_type, filesize, width, height) VALUES (15, 'Three-panel sequence of Aisha Osman pushing her smoking monocycle along a desert highway', NULL, '[{"name":"thumbnail","width":1600,"height":2626,"url":"/api/media/thumbnail/issue-1-page_1-thumbnail.jpg","mimeType":"image/jpg","filesize":62739,"filename":"issue-1-page_1-thumbnail.jpg"},{"name":"thumbnail_small","width":1600,"height":2626,"url":"/api/media/thumbnail/issue-1-page_1-thumbnail_small.jpg","mimeType":"image/jpg","filesize":19044,"filename":"issue-1-page_1-thumbnail_small.jpg"},{"name":"webcomic_page","width":1600,"height":2626,"url":"/api/media/thumbnail/issue-1-page_1-webcomic_page.jpg","mimeType":"image/jpg","filesize":202037,"filename":"issue-1-page_1-webcomic_page.jpg"},{"name":"webcomic_mobile","width":1600,"height":2626,"url":"/api/media/thumbnail/issue-1-page_1-webcomic_mobile.jpg","mimeType":"image/jpg","filesize":62739,"filename":"issue-1-page_1-webcomic_mobile.jpg"},{"name":"cover_image","width":1600,"height":2626,"url":"/api/media/thumbnail/issue-1-page_1-cover_image.jpg","mimeType":"image/jpg","filesize":108107,"filename":"issue-1-page_1-cover_image.jpg"},{"name":"social_preview","width":1600,"height":2626,"url":"/api/media/thumbnail/issue-1-page_1-social_preview.jpg","mimeType":"image/jpg","filesize":121964,"filename":"issue-1-page_1-social_preview.jpg"},{"name":"avatar","width":1600,"height":2626,"url":"/api/media/thumbnail/issue-1-page_1-avatar.jpg","mimeType":"image/jpg","filesize":12076,"filename":"issue-1-page_1-avatar.jpg"}]', 'comic_page', 2, 1, NULL, 0, '2025-10-16T01:03:49.478Z', '2025-10-16T01:03:49.478Z', 'issue-1-page_1.jpg', NULL, 'issue-1-page_1.jpg', 'image/jpg', 458389, 1600, 2626);
INSERT OR IGNORE INTO media (id, alt, caption, image_sizes, media_type, uploaded_by_id, is_public, comic_meta_related_comic_id, comic_meta_is_n_s_f_w, updated_at, created_at, url, thumbnail_u_r_l, filename, mime_type, filesize, width, height) VALUES (16, 'Siddig Khan floats in an inner tube and ignores the ringing of the suitcase phone floating in his swimming pool, which is mounted on top of his limousine, as it speeds down the highway.', NULL, '[{"name":"thumbnail","width":1600,"height":2626,"url":"/api/media/thumbnail/issue-1-page_3-thumbnail.jpg","mimeType":"image/jpg","filesize":50902,"filename":"issue-1-page_3-thumbnail.jpg"},{"name":"thumbnail_small","width":1600,"height":2626,"url":"/api/media/thumbnail/issue-1-page_3-thumbnail_small.jpg","mimeType":"image/jpg","filesize":15384,"filename":"issue-1-page_3-thumbnail_small.jpg"},{"name":"webcomic_page","width":1600,"height":2626,"url":"/api/media/thumbnail/issue-1-page_3-webcomic_page.jpg","mimeType":"image/jpg","filesize":172859,"filename":"issue-1-page_3-webcomic_page.jpg"},{"name":"webcomic_mobile","width":1600,"height":2626,"url":"/api/media/thumbnail/issue-1-page_3-webcomic_mobile.jpg","mimeType":"image/jpg","filesize":50902,"filename":"issue-1-page_3-webcomic_mobile.jpg"},{"name":"cover_image","width":1600,"height":2626,"url":"/api/media/thumbnail/issue-1-page_3-cover_image.jpg","mimeType":"image/jpg","filesize":87206,"filename":"issue-1-page_3-cover_image.jpg"},{"name":"social_preview","width":1600,"height":2626,"url":"/api/media/thumbnail/issue-1-page_3-social_preview.jpg","mimeType":"image/jpg","filesize":102993,"filename":"issue-1-page_3-social_preview.jpg"},{"name":"avatar","width":1600,"height":2626,"url":"/api/media/thumbnail/issue-1-page_3-avatar.jpg","mimeType":"image/jpg","filesize":8933,"filename":"issue-1-page_3-avatar.jpg"}]', 'comic_page', 2, 1, NULL, 0, '2025-10-16T01:03:49.478Z', '2025-10-16T01:03:49.478Z', 'issue-1-page_3.jpg', NULL, 'issue-1-page_3.jpg', 'image/jpg', 406564, 1600, 2626);
INSERT OR IGNORE INTO media (id, alt, caption, image_sizes, media_type, uploaded_by_id, is_public, comic_meta_related_comic_id, comic_meta_is_n_s_f_w, updated_at, created_at, url, thumbnail_u_r_l, filename, mime_type, filesize, width, height) VALUES (17, 'The Automan''s Daughter 2025 promo artwork', 'The Automan''s Daughter 2025 promo artwork', '[{"name":"thumbnail","width":6000,"height":3000,"url":"/api/media/thumbnail/2025 promo art-thumbnail.jpg","mimeType":"image/jpg","filesize":21890,"filename":"2025 promo art-thumbnail.jpg"},{"name":"thumbnail_small","width":6000,"height":3000,"url":"/api/media/thumbnail/2025 promo art-thumbnail_small.jpg","mimeType":"image/jpg","filesize":7045,"filename":"2025 promo art-thumbnail_small.jpg"},{"name":"webcomic_page","width":6000,"height":3000,"url":"/api/media/thumbnail/2025 promo art-webcomic_page.jpg","mimeType":"image/jpg","filesize":66948,"filename":"2025 promo art-webcomic_page.jpg"},{"name":"webcomic_mobile","width":6000,"height":3000,"url":"/api/media/thumbnail/2025 promo art-webcomic_mobile.jpg","mimeType":"image/jpg","filesize":21890,"filename":"2025 promo art-webcomic_mobile.jpg"},{"name":"cover_image","width":6000,"height":3000,"url":"/api/media/thumbnail/2025 promo art-cover_image.jpg","mimeType":"image/jpg","filesize":82804,"filename":"2025 promo art-cover_image.jpg"},{"name":"social_preview","width":6000,"height":3000,"url":"/api/media/thumbnail/2025 promo art-social_preview.jpg","mimeType":"image/jpg","filesize":136327,"filename":"2025 promo art-social_preview.jpg"},{"name":"avatar","width":6000,"height":3000,"url":"/api/media/thumbnail/2025 promo art-avatar.jpg","mimeType":"image/jpg","filesize":11442,"filename":"2025 promo art-avatar.jpg"}]', 'general', 2, 1, NULL, 0, '2025-10-16T01:03:49.478Z', '2025-10-16T01:03:49.478Z', '2025 promo art.jpg', NULL, '2025 promo art.jpg', 'image/jpg', 4576983, 6000, 3000);
INSERT OR IGNORE INTO media (id, alt, caption, image_sizes, media_type, uploaded_by_id, is_public, comic_meta_related_comic_id, comic_meta_is_n_s_f_w, updated_at, created_at, url, thumbnail_u_r_l, filename, mime_type, filesize, width, height) VALUES (18, 'Aisha pulls off her goggles and squints into the distance. She sees a bar/fuel station up on top of a rocky hill.', NULL, '[{"name":"thumbnail","width":1600,"height":2626,"url":"/api/media/thumbnail/issue-1-page_2-thumbnail.jpg","mimeType":"image/jpg","filesize":46819,"filename":"issue-1-page_2-thumbnail.jpg"},{"name":"thumbnail_small","width":1600,"height":2626,"url":"/api/media/thumbnail/issue-1-page_2-thumbnail_small.jpg","mimeType":"image/jpg","filesize":14364,"filename":"issue-1-page_2-thumbnail_small.jpg"},{"name":"webcomic_page","width":1600,"height":2626,"url":"/api/media/thumbnail/issue-1-page_2-webcomic_page.jpg","mimeType":"image/jpg","filesize":153121,"filename":"issue-1-page_2-webcomic_page.jpg"},{"name":"webcomic_mobile","width":1600,"height":2626,"url":"/api/media/thumbnail/issue-1-page_2-webcomic_mobile.jpg","mimeType":"image/jpg","filesize":46819,"filename":"issue-1-page_2-webcomic_mobile.jpg"},{"name":"cover_image","width":1600,"height":2626,"url":"/api/media/thumbnail/issue-1-page_2-cover_image.jpg","mimeType":"image/jpg","filesize":77546,"filename":"issue-1-page_2-cover_image.jpg"},{"name":"social_preview","width":1600,"height":2626,"url":"/api/media/thumbnail/issue-1-page_2-social_preview.jpg","mimeType":"image/jpg","filesize":77054,"filename":"issue-1-page_2-social_preview.jpg"},{"name":"avatar","width":1600,"height":2626,"url":"/api/media/thumbnail/issue-1-page_2-avatar.jpg","mimeType":"image/jpg","filesize":8757,"filename":"issue-1-page_2-avatar.jpg"}]', 'comic_page', 2, 1, NULL, 0, '2025-10-16T01:03:49.478Z', '2025-10-16T01:03:49.478Z', 'issue-1-page_2.jpg', NULL, 'issue-1-page_2.jpg', 'image/jpg', 344498, 1600, 2626);
INSERT OR IGNORE INTO media (id, alt, caption, image_sizes, media_type, uploaded_by_id, is_public, comic_meta_related_comic_id, comic_meta_is_n_s_f_w, updated_at, created_at, url, thumbnail_u_r_l, filename, mime_type, filesize, width, height) VALUES (19, 'Aisha makes a phone call from the wheeler bar. Ali, Sid''s chauffeur, tells Aisha he''s on his way.', NULL, '[{"name":"thumbnail","width":1600,"height":2626,"url":"/api/media/thumbnail/issue-1-page-4-thumbnail.jpg","mimeType":"image/jpg","filesize":70434,"filename":"issue-1-page-4-thumbnail.jpg"},{"name":"thumbnail_small","width":1600,"height":2626,"url":"/api/media/thumbnail/issue-1-page-4-thumbnail_small.jpg","mimeType":"image/jpg","filesize":21314,"filename":"issue-1-page-4-thumbnail_small.jpg"},{"name":"webcomic_page","width":1600,"height":2626,"url":"/api/media/thumbnail/issue-1-page-4-webcomic_page.jpg","mimeType":"image/jpg","filesize":228305,"filename":"issue-1-page-4-webcomic_page.jpg"},{"name":"webcomic_mobile","width":1600,"height":2626,"url":"/api/media/thumbnail/issue-1-page-4-webcomic_mobile.jpg","mimeType":"image/jpg","filesize":70434,"filename":"issue-1-page-4-webcomic_mobile.jpg"},{"name":"cover_image","width":1600,"height":2626,"url":"/api/media/thumbnail/issue-1-page-4-cover_image.jpg","mimeType":"image/jpg","filesize":117667,"filename":"issue-1-page-4-cover_image.jpg"},{"name":"social_preview","width":1600,"height":2626,"url":"/api/media/thumbnail/issue-1-page-4-social_preview.jpg","mimeType":"image/jpg","filesize":154804,"filename":"issue-1-page-4-social_preview.jpg"},{"name":"avatar","width":1600,"height":2626,"url":"/api/media/thumbnail/issue-1-page-4-avatar.jpg","mimeType":"image/jpg","filesize":13365,"filename":"issue-1-page-4-avatar.jpg"}]', 'comic_page', 2, 1, NULL, 0, '2025-10-16T01:03:49.478Z', '2025-10-16T01:03:49.478Z', 'issue-1-page-4.jpg', NULL, 'issue-1-page-4.jpg', 'image/jpg', 514061, 1600, 2626);
INSERT OR IGNORE INTO media (id, alt, caption, image_sizes, media_type, uploaded_by_id, is_public, comic_meta_related_comic_id, comic_meta_is_n_s_f_w, updated_at, created_at, url, thumbnail_u_r_l, filename, mime_type, filesize, width, height) VALUES (20, 'This should be the same as the image''s alt text.', NULL, '[{"name":"thumbnail","width":1600,"height":2626,"url":"/api/media/thumbnail/issue-1-page_5-thumbnail.jpg","mimeType":"image/jpg","filesize":69960,"filename":"issue-1-page_5-thumbnail.jpg"},{"name":"thumbnail_small","width":1600,"height":2626,"url":"/api/media/thumbnail/issue-1-page_5-thumbnail_small.jpg","mimeType":"image/jpg","filesize":20941,"filename":"issue-1-page_5-thumbnail_small.jpg"},{"name":"webcomic_page","width":1600,"height":2626,"url":"/api/media/thumbnail/issue-1-page_5-webcomic_page.jpg","mimeType":"image/jpg","filesize":234382,"filename":"issue-1-page_5-webcomic_page.jpg"},{"name":"webcomic_mobile","width":1600,"height":2626,"url":"/api/media/thumbnail/issue-1-page_5-webcomic_mobile.jpg","mimeType":"image/jpg","filesize":69960,"filename":"issue-1-page_5-webcomic_mobile.jpg"},{"name":"cover_image","width":1600,"height":2626,"url":"/api/media/thumbnail/issue-1-page_5-cover_image.jpg","mimeType":"image/jpg","filesize":115395,"filename":"issue-1-page_5-cover_image.jpg"},{"name":"social_preview","width":1600,"height":2626,"url":"/api/media/thumbnail/issue-1-page_5-social_preview.jpg","mimeType":"image/jpg","filesize":142592,"filename":"issue-1-page_5-social_preview.jpg"},{"name":"avatar","width":1600,"height":2626,"url":"/api/media/thumbnail/issue-1-page_5-avatar.jpg","mimeType":"image/jpg","filesize":12683,"filename":"issue-1-page_5-avatar.jpg"}]', 'comic_page', 2, 1, NULL, 0, '2025-10-16T01:03:49.478Z', '2025-10-16T01:03:49.478Z', 'issue-1-page_5.jpg', NULL, 'issue-1-page_5.jpg', 'image/jpg', 554985, 1600, 2626);
INSERT OR IGNORE INTO media (id, alt, caption, image_sizes, media_type, uploaded_by_id, is_public, comic_meta_related_comic_id, comic_meta_is_n_s_f_w, updated_at, created_at, url, thumbnail_u_r_l, filename, mime_type, filesize, width, height) VALUES (21, 'Aisha tumbles onto the ground just as the limo pulls up abruptly, dousing the wheelers with swimming-pool water.', NULL, '[{"name":"thumbnail","width":1600,"height":2626,"url":"/api/media/thumbnail/issue-1-page_6-thumbnail.jpg","mimeType":"image/jpg","filesize":68788,"filename":"issue-1-page_6-thumbnail.jpg"},{"name":"thumbnail_small","width":1600,"height":2626,"url":"/api/media/thumbnail/issue-1-page_6-thumbnail_small.jpg","mimeType":"image/jpg","filesize":20394,"filename":"issue-1-page_6-thumbnail_small.jpg"},{"name":"webcomic_page","width":1600,"height":2626,"url":"/api/media/thumbnail/issue-1-page_6-webcomic_page.jpg","mimeType":"image/jpg","filesize":226266,"filename":"issue-1-page_6-webcomic_page.jpg"},{"name":"webcomic_mobile","width":1600,"height":2626,"url":"/api/media/thumbnail/issue-1-page_6-webcomic_mobile.jpg","mimeType":"image/jpg","filesize":68788,"filename":"issue-1-page_6-webcomic_mobile.jpg"},{"name":"cover_image","width":1600,"height":2626,"url":"/api/media/thumbnail/issue-1-page_6-cover_image.jpg","mimeType":"image/jpg","filesize":118562,"filename":"issue-1-page_6-cover_image.jpg"},{"name":"social_preview","width":1600,"height":2626,"url":"/api/media/thumbnail/issue-1-page_6-social_preview.jpg","mimeType":"image/jpg","filesize":154577,"filename":"issue-1-page_6-social_preview.jpg"},{"name":"avatar","width":1600,"height":2626,"url":"/api/media/thumbnail/issue-1-page_6-avatar.jpg","mimeType":"image/jpg","filesize":12694,"filename":"issue-1-page_6-avatar.jpg"}]', 'comic_page', 2, 1, NULL, 0, '2025-10-16T01:03:49.478Z', '2025-10-16T01:03:49.478Z', 'issue-1-page_6.jpg', NULL, 'issue-1-page_6.jpg', 'image/jpg', 516545, 1600, 2626);
INSERT OR IGNORE INTO media (id, alt, caption, image_sizes, media_type, uploaded_by_id, is_public, comic_meta_related_comic_id, comic_meta_is_n_s_f_w, updated_at, created_at, url, thumbnail_u_r_l, filename, mime_type, filesize, width, height) VALUES (22, 'Sid sits at the bottom of his limo pool, confused. The wheelers look ready to attack, when suddenly the limo begins to unfold...', NULL, '[{"name":"thumbnail","width":1600,"height":2626,"url":"/api/media/thumbnail/issue-1-page_7-thumbnail.jpg","mimeType":"image/jpg","filesize":64812,"filename":"issue-1-page_7-thumbnail.jpg"},{"name":"thumbnail_small","width":1600,"height":2626,"url":"/api/media/thumbnail/issue-1-page_7-thumbnail_small.jpg","mimeType":"image/jpg","filesize":19180,"filename":"issue-1-page_7-thumbnail_small.jpg"},{"name":"webcomic_page","width":1600,"height":2626,"url":"/api/media/thumbnail/issue-1-page_7-webcomic_page.jpg","mimeType":"image/jpg","filesize":214058,"filename":"issue-1-page_7-webcomic_page.jpg"},{"name":"webcomic_mobile","width":1600,"height":2626,"url":"/api/media/thumbnail/issue-1-page_7-webcomic_mobile.jpg","mimeType":"image/jpg","filesize":64812,"filename":"issue-1-page_7-webcomic_mobile.jpg"},{"name":"cover_image","width":1600,"height":2626,"url":"/api/media/thumbnail/issue-1-page_7-cover_image.jpg","mimeType":"image/jpg","filesize":112547,"filename":"issue-1-page_7-cover_image.jpg"},{"name":"social_preview","width":1600,"height":2626,"url":"/api/media/thumbnail/issue-1-page_7-social_preview.jpg","mimeType":"image/jpg","filesize":124013,"filename":"issue-1-page_7-social_preview.jpg"},{"name":"avatar","width":1600,"height":2626,"url":"/api/media/thumbnail/issue-1-page_7-avatar.jpg","mimeType":"image/jpg","filesize":12082,"filename":"issue-1-page_7-avatar.jpg"}]', 'comic_page', 2, 1, NULL, 0, '2025-10-16T01:03:49.478Z', '2025-10-16T01:03:49.478Z', 'issue-1-page_7.jpg', NULL, 'issue-1-page_7.jpg', 'image/jpg', 472675, 1600, 2626);
INSERT OR IGNORE INTO media (id, alt, caption, image_sizes, media_type, uploaded_by_id, is_public, comic_meta_related_comic_id, comic_meta_is_n_s_f_w, updated_at, created_at, url, thumbnail_u_r_l, filename, mime_type, filesize, width, height) VALUES (23, 'The limo, now standing atop six mecha-legs, looms over Aisha and the wheelers. She looks over her shoulder at them, defiantly.', NULL, '[{"name":"thumbnail","width":1600,"height":2626,"url":"/api/media/thumbnail/issue-1-page_8-thumbnail.jpg","mimeType":"image/jpg","filesize":49373,"filename":"issue-1-page_8-thumbnail.jpg"},{"name":"thumbnail_small","width":1600,"height":2626,"url":"/api/media/thumbnail/issue-1-page_8-thumbnail_small.jpg","mimeType":"image/jpg","filesize":14562,"filename":"issue-1-page_8-thumbnail_small.jpg"},{"name":"webcomic_page","width":1600,"height":2626,"url":"/api/media/thumbnail/issue-1-page_8-webcomic_page.jpg","mimeType":"image/jpg","filesize":191218,"filename":"issue-1-page_8-webcomic_page.jpg"},{"name":"webcomic_mobile","width":1600,"height":2626,"url":"/api/media/thumbnail/issue-1-page_8-webcomic_mobile.jpg","mimeType":"image/jpg","filesize":49373,"filename":"issue-1-page_8-webcomic_mobile.jpg"},{"name":"cover_image","width":1600,"height":2626,"url":"/api/media/thumbnail/issue-1-page_8-cover_image.jpg","mimeType":"image/jpg","filesize":94719,"filename":"issue-1-page_8-cover_image.jpg"},{"name":"social_preview","width":1600,"height":2626,"url":"/api/media/thumbnail/issue-1-page_8-social_preview.jpg","mimeType":"image/jpg","filesize":175328,"filename":"issue-1-page_8-social_preview.jpg"},{"name":"avatar","width":1600,"height":2626,"url":"/api/media/thumbnail/issue-1-page_8-avatar.jpg","mimeType":"image/jpg","filesize":10734,"filename":"issue-1-page_8-avatar.jpg"}]', 'comic_page', 2, 1, NULL, 0, '2025-10-16T01:03:49.478Z', '2025-10-16T01:03:49.478Z', 'issue-1-page_8.jpg', NULL, 'issue-1-page_8.jpg', 'image/jpg', 523644, 1600, 2626);
INSERT OR IGNORE INTO media (id, alt, caption, image_sizes, media_type, uploaded_by_id, is_public, comic_meta_related_comic_id, comic_meta_is_n_s_f_w, updated_at, created_at, url, thumbnail_u_r_l, filename, mime_type, filesize, width, height) VALUES (24, 'The wheelers run off. Ali asks Aisha if she needs a ride. "Yes," she replies meekly.', NULL, '[{"name":"thumbnail","width":1600,"height":2626,"url":"/api/media/thumbnail/issue-1-page_9-thumbnail.jpg","mimeType":"image/jpg","filesize":66706,"filename":"issue-1-page_9-thumbnail.jpg"},{"name":"thumbnail_small","width":1600,"height":2626,"url":"/api/media/thumbnail/issue-1-page_9-thumbnail_small.jpg","mimeType":"image/jpg","filesize":19947,"filename":"issue-1-page_9-thumbnail_small.jpg"},{"name":"webcomic_page","width":1600,"height":2626,"url":"/api/media/thumbnail/issue-1-page_9-webcomic_page.jpg","mimeType":"image/jpg","filesize":223544,"filename":"issue-1-page_9-webcomic_page.jpg"},{"name":"webcomic_mobile","width":1600,"height":2626,"url":"/api/media/thumbnail/issue-1-page_9-webcomic_mobile.jpg","mimeType":"image/jpg","filesize":66706,"filename":"issue-1-page_9-webcomic_mobile.jpg"},{"name":"cover_image","width":1600,"height":2626,"url":"/api/media/thumbnail/issue-1-page_9-cover_image.jpg","mimeType":"image/jpg","filesize":106985,"filename":"issue-1-page_9-cover_image.jpg"},{"name":"social_preview","width":1600,"height":2626,"url":"/api/media/thumbnail/issue-1-page_9-social_preview.jpg","mimeType":"image/jpg","filesize":143896,"filename":"issue-1-page_9-social_preview.jpg"},{"name":"avatar","width":1600,"height":2626,"url":"/api/media/thumbnail/issue-1-page_9-avatar.jpg","mimeType":"image/jpg","filesize":11868,"filename":"issue-1-page_9-avatar.jpg"}]', 'comic_page', 2, 1, NULL, 0, '2025-10-16T01:03:49.478Z', '2025-10-16T01:03:49.478Z', 'issue-1-page_9.jpg', NULL, 'issue-1-page_9.jpg', 'image/jpg', 517220, 1600, 2626);
INSERT OR IGNORE INTO media (id, alt, caption, image_sizes, media_type, uploaded_by_id, is_public, comic_meta_related_comic_id, comic_meta_is_n_s_f_w, updated_at, created_at, url, thumbnail_u_r_l, filename, mime_type, filesize, width, height) VALUES (25, 'A vest-clad Sid stares directly down the barrel of a gigantic cannon aimed at him.', NULL, '[{"name":"thumbnail","width":1600,"height":2464,"url":"/api/media/thumbnail/issue-2-cover-thumbnail.jpg","mimeType":"image/jpg","filesize":52899,"filename":"issue-2-cover-thumbnail.jpg"},{"name":"thumbnail_small","width":1600,"height":2464,"url":"/api/media/thumbnail/issue-2-cover-thumbnail_small.jpg","mimeType":"image/jpg","filesize":16420,"filename":"issue-2-cover-thumbnail_small.jpg"},{"name":"webcomic_page","width":1600,"height":2464,"url":"/api/media/thumbnail/issue-2-cover-webcomic_page.jpg","mimeType":"image/jpg","filesize":168364,"filename":"issue-2-cover-webcomic_page.jpg"},{"name":"webcomic_mobile","width":1600,"height":2464,"url":"/api/media/thumbnail/issue-2-cover-webcomic_mobile.jpg","mimeType":"image/jpg","filesize":52899,"filename":"issue-2-cover-webcomic_mobile.jpg"},{"name":"cover_image","width":1600,"height":2464,"url":"/api/media/thumbnail/issue-2-cover-cover_image.jpg","mimeType":"image/jpg","filesize":95479,"filename":"issue-2-cover-cover_image.jpg"},{"name":"social_preview","width":1600,"height":2464,"url":"/api/media/thumbnail/issue-2-cover-social_preview.jpg","mimeType":"image/jpg","filesize":113301,"filename":"issue-2-cover-social_preview.jpg"},{"name":"avatar","width":1600,"height":2464,"url":"/api/media/thumbnail/issue-2-cover-avatar.jpg","mimeType":"image/jpg","filesize":10820,"filename":"issue-2-cover-avatar.jpg"}]', 'comic_page', 2, 1, NULL, 0, '2025-10-16T01:03:49.478Z', '2025-10-16T01:03:49.478Z', 'issue-2-cover.jpg', NULL, 'issue-2-cover.jpg', 'image/jpg', 337910, 1600, 2464);
INSERT OR IGNORE INTO media (id, alt, caption, image_sizes, media_type, uploaded_by_id, is_public, comic_meta_related_comic_id, comic_meta_is_n_s_f_w, updated_at, created_at, url, thumbnail_u_r_l, filename, mime_type, filesize, width, height) VALUES (26, 'Sid has a flashback to a small hand wiping away his tears, then awakens in the limo with a start.', NULL, '[{"name":"thumbnail","width":1600,"height":2626,"url":"/api/media/thumbnail/issue-2-page-1-thumbnail.jpg","mimeType":"image/jpg","filesize":50818,"filename":"issue-2-page-1-thumbnail.jpg"},{"name":"thumbnail_small","width":1600,"height":2626,"url":"/api/media/thumbnail/issue-2-page-1-thumbnail_small.jpg","mimeType":"image/jpg","filesize":15384,"filename":"issue-2-page-1-thumbnail_small.jpg"},{"name":"webcomic_page","width":1600,"height":2626,"url":"/api/media/thumbnail/issue-2-page-1-webcomic_page.jpg","mimeType":"image/jpg","filesize":170792,"filename":"issue-2-page-1-webcomic_page.jpg"},{"name":"webcomic_mobile","width":1600,"height":2626,"url":"/api/media/thumbnail/issue-2-page-1-webcomic_mobile.jpg","mimeType":"image/jpg","filesize":50818,"filename":"issue-2-page-1-webcomic_mobile.jpg"},{"name":"cover_image","width":1600,"height":2626,"url":"/api/media/thumbnail/issue-2-page-1-cover_image.jpg","mimeType":"image/jpg","filesize":84016,"filename":"issue-2-page-1-cover_image.jpg"},{"name":"social_preview","width":1600,"height":2626,"url":"/api/media/thumbnail/issue-2-page-1-social_preview.jpg","mimeType":"image/jpg","filesize":112284,"filename":"issue-2-page-1-social_preview.jpg"},{"name":"avatar","width":1600,"height":2626,"url":"/api/media/thumbnail/issue-2-page-1-avatar.jpg","mimeType":"image/jpg","filesize":9700,"filename":"issue-2-page-1-avatar.jpg"}]', 'comic_page', 2, 1, NULL, 0, '2025-10-16T01:03:49.478Z', '2025-10-16T01:03:49.478Z', 'issue-2-page-1.jpg', NULL, 'issue-2-page-1.jpg', 'image/jpg', 411571, 1600, 2626);
INSERT OR IGNORE INTO media (id, alt, caption, image_sizes, media_type, uploaded_by_id, is_public, comic_meta_related_comic_id, comic_meta_is_n_s_f_w, updated_at, created_at, url, thumbnail_u_r_l, filename, mime_type, filesize, width, height) VALUES (27, 'Ali, Sid and Aisha exit the limo, having arrived at their destination.', NULL, '[{"name":"thumbnail","width":1600,"height":2626,"url":"/api/media/thumbnail/issue-2-page-2-thumbnail.jpg","mimeType":"image/jpg","filesize":51978,"filename":"issue-2-page-2-thumbnail.jpg"},{"name":"thumbnail_small","width":1600,"height":2626,"url":"/api/media/thumbnail/issue-2-page-2-thumbnail_small.jpg","mimeType":"image/jpg","filesize":15116,"filename":"issue-2-page-2-thumbnail_small.jpg"},{"name":"webcomic_page","width":1600,"height":2626,"url":"/api/media/thumbnail/issue-2-page-2-webcomic_page.jpg","mimeType":"image/jpg","filesize":174490,"filename":"issue-2-page-2-webcomic_page.jpg"},{"name":"webcomic_mobile","width":1600,"height":2626,"url":"/api/media/thumbnail/issue-2-page-2-webcomic_mobile.jpg","mimeType":"image/jpg","filesize":51978,"filename":"issue-2-page-2-webcomic_mobile.jpg"},{"name":"cover_image","width":1600,"height":2626,"url":"/api/media/thumbnail/issue-2-page-2-cover_image.jpg","mimeType":"image/jpg","filesize":86706,"filename":"issue-2-page-2-cover_image.jpg"},{"name":"social_preview","width":1600,"height":2626,"url":"/api/media/thumbnail/issue-2-page-2-social_preview.jpg","mimeType":"image/jpg","filesize":138009,"filename":"issue-2-page-2-social_preview.jpg"},{"name":"avatar","width":1600,"height":2626,"url":"/api/media/thumbnail/issue-2-page-2-avatar.jpg","mimeType":"image/jpg","filesize":9434,"filename":"issue-2-page-2-avatar.jpg"}]', 'comic_page', 2, 1, NULL, 0, '2025-10-16T01:03:49.478Z', '2025-10-16T01:03:49.478Z', 'issue-2-page-2.jpg', NULL, 'issue-2-page-2.jpg', 'image/jpg', 393472, 1600, 2626);
INSERT OR IGNORE INTO media (id, alt, caption, image_sizes, media_type, uploaded_by_id, is_public, comic_meta_related_comic_id, comic_meta_is_n_s_f_w, updated_at, created_at, url, thumbnail_u_r_l, filename, mime_type, filesize, width, height) VALUES (28, NULL, NULL, '[{"name":"thumbnail","width":1600,"height":2626,"url":"/api/media/thumbnail/issue-2-page-3-thumbnail.jpg","mimeType":"image/jpg","filesize":64811,"filename":"issue-2-page-3-thumbnail.jpg"},{"name":"thumbnail_small","width":1600,"height":2626,"url":"/api/media/thumbnail/issue-2-page-3-thumbnail_small.jpg","mimeType":"image/jpg","filesize":19131,"filename":"issue-2-page-3-thumbnail_small.jpg"},{"name":"webcomic_page","width":1600,"height":2626,"url":"/api/media/thumbnail/issue-2-page-3-webcomic_page.jpg","mimeType":"image/jpg","filesize":218889,"filename":"issue-2-page-3-webcomic_page.jpg"},{"name":"webcomic_mobile","width":1600,"height":2626,"url":"/api/media/thumbnail/issue-2-page-3-webcomic_mobile.jpg","mimeType":"image/jpg","filesize":64811,"filename":"issue-2-page-3-webcomic_mobile.jpg"},{"name":"cover_image","width":1600,"height":2626,"url":"/api/media/thumbnail/issue-2-page-3-cover_image.jpg","mimeType":"image/jpg","filesize":111458,"filename":"issue-2-page-3-cover_image.jpg"},{"name":"social_preview","width":1600,"height":2626,"url":"/api/media/thumbnail/issue-2-page-3-social_preview.jpg","mimeType":"image/jpg","filesize":136460,"filename":"issue-2-page-3-social_preview.jpg"},{"name":"avatar","width":1600,"height":2626,"url":"/api/media/thumbnail/issue-2-page-3-avatar.jpg","mimeType":"image/jpg","filesize":11956,"filename":"issue-2-page-3-avatar.jpg"}]', 'comic_page', 2, 1, NULL, 0, '2025-10-16T01:03:49.478Z', '2025-10-16T01:03:49.478Z', 'issue-2-page-3.jpg', NULL, 'issue-2-page-3.jpg', 'image/jpg', 493900, 1600, 2626);
INSERT OR IGNORE INTO media (id, alt, caption, image_sizes, media_type, uploaded_by_id, is_public, comic_meta_related_comic_id, comic_meta_is_n_s_f_w, updated_at, created_at, url, thumbnail_u_r_l, filename, mime_type, filesize, width, height) VALUES (29, NULL, NULL, '[{"name":"thumbnail","width":1600,"height":2626,"url":"/api/media/thumbnail/issue-2-page-4-thumbnail.jpg","mimeType":"image/jpg","filesize":67702,"filename":"issue-2-page-4-thumbnail.jpg"},{"name":"thumbnail_small","width":1600,"height":2626,"url":"/api/media/thumbnail/issue-2-page-4-thumbnail_small.jpg","mimeType":"image/jpg","filesize":19526,"filename":"issue-2-page-4-thumbnail_small.jpg"},{"name":"webcomic_page","width":1600,"height":2626,"url":"/api/media/thumbnail/issue-2-page-4-webcomic_page.jpg","mimeType":"image/jpg","filesize":231266,"filename":"issue-2-page-4-webcomic_page.jpg"},{"name":"webcomic_mobile","width":1600,"height":2626,"url":"/api/media/thumbnail/issue-2-page-4-webcomic_mobile.jpg","mimeType":"image/jpg","filesize":67702,"filename":"issue-2-page-4-webcomic_mobile.jpg"},{"name":"cover_image","width":1600,"height":2626,"url":"/api/media/thumbnail/issue-2-page-4-cover_image.jpg","mimeType":"image/jpg","filesize":114094,"filename":"issue-2-page-4-cover_image.jpg"},{"name":"social_preview","width":1600,"height":2626,"url":"/api/media/thumbnail/issue-2-page-4-social_preview.jpg","mimeType":"image/jpg","filesize":125929,"filename":"issue-2-page-4-social_preview.jpg"},{"name":"avatar","width":1600,"height":2626,"url":"/api/media/thumbnail/issue-2-page-4-avatar.jpg","mimeType":"image/jpg","filesize":11567,"filename":"issue-2-page-4-avatar.jpg"}]', 'comic_page', 2, 1, NULL, 0, '2025-10-16T01:03:49.478Z', '2025-10-16T01:03:49.478Z', 'issue-2-page-4.jpg', NULL, 'issue-2-page-4.jpg', 'image/jpg', 524969, 1600, 2626);
INSERT OR IGNORE INTO media (id, alt, caption, image_sizes, media_type, uploaded_by_id, is_public, comic_meta_related_comic_id, comic_meta_is_n_s_f_w, updated_at, created_at, url, thumbnail_u_r_l, filename, mime_type, filesize, width, height) VALUES (30, NULL, NULL, '[{"name":"thumbnail","width":3000,"height":1500,"url":"/api/media/thumbnail/2025 promo-thumbnail.jpg","mimeType":"image/jpg","filesize":21910,"filename":"2025 promo-thumbnail.jpg"},{"name":"thumbnail_small","width":3000,"height":1500,"url":"/api/media/thumbnail/2025 promo-thumbnail_small.jpg","mimeType":"image/jpg","filesize":6975,"filename":"2025 promo-thumbnail_small.jpg"},{"name":"webcomic_page","width":3000,"height":1500,"url":"/api/media/thumbnail/2025 promo-webcomic_page.jpg","mimeType":"image/jpg","filesize":67067,"filename":"2025 promo-webcomic_page.jpg"},{"name":"webcomic_mobile","width":3000,"height":1500,"url":"/api/media/thumbnail/2025 promo-webcomic_mobile.jpg","mimeType":"image/jpg","filesize":21910,"filename":"2025 promo-webcomic_mobile.jpg"},{"name":"cover_image","width":3000,"height":1500,"url":"/api/media/thumbnail/2025 promo-cover_image.jpg","mimeType":"image/jpg","filesize":83263,"filename":"2025 promo-cover_image.jpg"},{"name":"social_preview","width":3000,"height":1500,"url":"/api/media/thumbnail/2025 promo-social_preview.jpg","mimeType":"image/jpg","filesize":136577,"filename":"2025 promo-social_preview.jpg"},{"name":"avatar","width":3000,"height":1500,"url":"/api/media/thumbnail/2025 promo-avatar.jpg","mimeType":"image/jpg","filesize":11463,"filename":"2025 promo-avatar.jpg"}]', 'comic_cover', 2, 1, NULL, 0, '2025-10-16T01:03:49.478Z', '2025-10-16T01:03:49.478Z', '2025 promo.jpg', NULL, '2025 promo.jpg', 'image/jpg', 995322, 3000, 1500);
INSERT OR IGNORE INTO media (id, alt, caption, image_sizes, media_type, uploaded_by_id, is_public, comic_meta_related_comic_id, comic_meta_is_n_s_f_w, updated_at, created_at, url, thumbnail_u_r_l, filename, mime_type, filesize, width, height) VALUES (31, NULL, NULL, '[{"name":"thumbnail","width":2000,"height":2000,"url":"/api/media/thumbnail/2025 promo art square-thumbnail.jpg","mimeType":"image/jpg","filesize":37086,"filename":"2025 promo art square-thumbnail.jpg"},{"name":"thumbnail_small","width":2000,"height":2000,"url":"/api/media/thumbnail/2025 promo art square-thumbnail_small.jpg","mimeType":"image/jpg","filesize":12049,"filename":"2025 promo art square-thumbnail_small.jpg"},{"name":"webcomic_page","width":2000,"height":2000,"url":"/api/media/thumbnail/2025 promo art square-webcomic_page.jpg","mimeType":"image/jpg","filesize":114548,"filename":"2025 promo art square-webcomic_page.jpg"},{"name":"webcomic_mobile","width":2000,"height":2000,"url":"/api/media/thumbnail/2025 promo art square-webcomic_mobile.jpg","mimeType":"image/jpg","filesize":37086,"filename":"2025 promo art square-webcomic_mobile.jpg"},{"name":"cover_image","width":2000,"height":2000,"url":"/api/media/thumbnail/2025 promo art square-cover_image.jpg","mimeType":"image/jpg","filesize":94924,"filename":"2025 promo art square-cover_image.jpg"},{"name":"social_preview","width":2000,"height":2000,"url":"/api/media/thumbnail/2025 promo art square-social_preview.jpg","mimeType":"image/jpg","filesize":119768,"filename":"2025 promo art square-social_preview.jpg"},{"name":"avatar","width":2000,"height":2000,"url":"/api/media/thumbnail/2025 promo art square-avatar.jpg","mimeType":"image/jpg","filesize":12049,"filename":"2025 promo art square-avatar.jpg"}]', 'comic_cover', 2, 1, NULL, 0, '2025-10-16T01:03:49.478Z', '2025-10-16T01:03:49.478Z', '2025 promo art square.jpg', NULL, '2025 promo art square.jpg', 'image/jpg', 855523, 2000, 2000);
INSERT OR IGNORE INTO media (id, alt, caption, image_sizes, media_type, uploaded_by_id, is_public, comic_meta_related_comic_id, comic_meta_is_n_s_f_w, updated_at, created_at, url, thumbnail_u_r_l, filename, mime_type, filesize, width, height) VALUES (32, NULL, NULL, '[{"name":"thumbnail","width":1360,"height":2232,"url":"/api/media/thumbnail/issue-2-page-5-thumbnail.jpg","mimeType":"image/jpg","filesize":63751,"filename":"issue-2-page-5-thumbnail.jpg"},{"name":"thumbnail_small","width":1360,"height":2232,"url":"/api/media/thumbnail/issue-2-page-5-thumbnail_small.jpg","mimeType":"image/jpg","filesize":19651,"filename":"issue-2-page-5-thumbnail_small.jpg"},{"name":"webcomic_page","width":1360,"height":2232,"url":"/api/media/thumbnail/issue-2-page-5-webcomic_page.jpg","mimeType":"image/jpg","filesize":202515,"filename":"issue-2-page-5-webcomic_page.jpg"},{"name":"webcomic_mobile","width":1360,"height":2232,"url":"/api/media/thumbnail/issue-2-page-5-webcomic_mobile.jpg","mimeType":"image/jpg","filesize":63751,"filename":"issue-2-page-5-webcomic_mobile.jpg"},{"name":"cover_image","width":1360,"height":2232,"url":"/api/media/thumbnail/issue-2-page-5-cover_image.jpg","mimeType":"image/jpg","filesize":107332,"filename":"issue-2-page-5-cover_image.jpg"},{"name":"social_preview","width":1360,"height":2232,"url":"/api/media/thumbnail/issue-2-page-5-social_preview.jpg","mimeType":"image/jpg","filesize":119947,"filename":"issue-2-page-5-social_preview.jpg"},{"name":"avatar","width":1360,"height":2232,"url":"/api/media/thumbnail/issue-2-page-5-avatar.jpg","mimeType":"image/jpg","filesize":12629,"filename":"issue-2-page-5-avatar.jpg"}]', 'general', 2, 1, NULL, 0, '2025-10-16T01:03:49.478Z', '2025-10-16T01:03:49.478Z', 'issue-2-page-5.jpg', NULL, 'issue-2-page-5.jpg', 'image/jpg', 630917, 1360, 2232);
INSERT OR IGNORE INTO media (id, alt, caption, image_sizes, media_type, uploaded_by_id, is_public, comic_meta_related_comic_id, comic_meta_is_n_s_f_w, updated_at, created_at, url, thumbnail_u_r_l, filename, mime_type, filesize, width, height) VALUES (33, NULL, NULL, '[{"name":"thumbnail","width":1360,"height":2232,"url":"/api/media/thumbnail/issue-2-page-6-thumbnail.jpg","mimeType":"image/jpg","filesize":63751,"filename":"issue-2-page-6-thumbnail.jpg"},{"name":"thumbnail_small","width":1360,"height":2232,"url":"/api/media/thumbnail/issue-2-page-6-thumbnail_small.jpg","mimeType":"image/jpg","filesize":19651,"filename":"issue-2-page-6-thumbnail_small.jpg"},{"name":"webcomic_page","width":1360,"height":2232,"url":"/api/media/thumbnail/issue-2-page-6-webcomic_page.jpg","mimeType":"image/jpg","filesize":202515,"filename":"issue-2-page-6-webcomic_page.jpg"},{"name":"webcomic_mobile","width":1360,"height":2232,"url":"/api/media/thumbnail/issue-2-page-6-webcomic_mobile.jpg","mimeType":"image/jpg","filesize":63751,"filename":"issue-2-page-6-webcomic_mobile.jpg"},{"name":"cover_image","width":1360,"height":2232,"url":"/api/media/thumbnail/issue-2-page-6-cover_image.jpg","mimeType":"image/jpg","filesize":107332,"filename":"issue-2-page-6-cover_image.jpg"},{"name":"social_preview","width":1360,"height":2232,"url":"/api/media/thumbnail/issue-2-page-6-social_preview.jpg","mimeType":"image/jpg","filesize":119947,"filename":"issue-2-page-6-social_preview.jpg"},{"name":"avatar","width":1360,"height":2232,"url":"/api/media/thumbnail/issue-2-page-6-avatar.jpg","mimeType":"image/jpg","filesize":12629,"filename":"issue-2-page-6-avatar.jpg"}]', 'general', 2, 1, NULL, 0, '2025-10-16T01:03:49.478Z', '2025-10-16T01:03:49.478Z', 'issue-2-page-6.jpg', NULL, 'issue-2-page-6.jpg', 'image/jpg', 630917, 1360, 2232);
INSERT OR IGNORE INTO media (id, alt, caption, image_sizes, media_type, uploaded_by_id, is_public, comic_meta_related_comic_id, comic_meta_is_n_s_f_w, updated_at, created_at, url, thumbnail_u_r_l, filename, mime_type, filesize, width, height) VALUES (34, NULL, NULL, '[{"name":"thumbnail","width":1360,"height":2232,"url":"/api/media/thumbnail/issue-2-page-7-thumbnail.jpg","mimeType":"image/jpg","filesize":63751,"filename":"issue-2-page-7-thumbnail.jpg"},{"name":"thumbnail_small","width":1360,"height":2232,"url":"/api/media/thumbnail/issue-2-page-7-thumbnail_small.jpg","mimeType":"image/jpg","filesize":19651,"filename":"issue-2-page-7-thumbnail_small.jpg"},{"name":"webcomic_page","width":1360,"height":2232,"url":"/api/media/thumbnail/issue-2-page-7-webcomic_page.jpg","mimeType":"image/jpg","filesize":202515,"filename":"issue-2-page-7-webcomic_page.jpg"},{"name":"webcomic_mobile","width":1360,"height":2232,"url":"/api/media/thumbnail/issue-2-page-7-webcomic_mobile.jpg","mimeType":"image/jpg","filesize":63751,"filename":"issue-2-page-7-webcomic_mobile.jpg"},{"name":"cover_image","width":1360,"height":2232,"url":"/api/media/thumbnail/issue-2-page-7-cover_image.jpg","mimeType":"image/jpg","filesize":107332,"filename":"issue-2-page-7-cover_image.jpg"},{"name":"social_preview","width":1360,"height":2232,"url":"/api/media/thumbnail/issue-2-page-7-social_preview.jpg","mimeType":"image/jpg","filesize":119947,"filename":"issue-2-page-7-social_preview.jpg"},{"name":"avatar","width":1360,"height":2232,"url":"/api/media/thumbnail/issue-2-page-7-avatar.jpg","mimeType":"image/jpg","filesize":12629,"filename":"issue-2-page-7-avatar.jpg"}]', 'general', 2, 1, NULL, 0, '2025-10-16T01:03:49.478Z', '2025-10-16T01:03:49.478Z', 'issue-2-page-7.jpg', NULL, 'issue-2-page-7.jpg', 'image/jpg', 630917, 1360, 2232);
INSERT OR IGNORE INTO media (id, alt, caption, image_sizes, media_type, uploaded_by_id, is_public, comic_meta_related_comic_id, comic_meta_is_n_s_f_w, updated_at, created_at, url, thumbnail_u_r_l, filename, mime_type, filesize, width, height) VALUES (35, NULL, NULL, '[{"name":"thumbnail","width":1360,"height":2232,"url":"/api/media/thumbnail/issue-2-page-8-thumbnail.jpg","mimeType":"image/jpg","filesize":63751,"filename":"issue-2-page-8-thumbnail.jpg"},{"name":"thumbnail_small","width":1360,"height":2232,"url":"/api/media/thumbnail/issue-2-page-8-thumbnail_small.jpg","mimeType":"image/jpg","filesize":19651,"filename":"issue-2-page-8-thumbnail_small.jpg"},{"name":"webcomic_page","width":1360,"height":2232,"url":"/api/media/thumbnail/issue-2-page-8-webcomic_page.jpg","mimeType":"image/jpg","filesize":202515,"filename":"issue-2-page-8-webcomic_page.jpg"},{"name":"webcomic_mobile","width":1360,"height":2232,"url":"/api/media/thumbnail/issue-2-page-8-webcomic_mobile.jpg","mimeType":"image/jpg","filesize":63751,"filename":"issue-2-page-8-webcomic_mobile.jpg"},{"name":"cover_image","width":1360,"height":2232,"url":"/api/media/thumbnail/issue-2-page-8-cover_image.jpg","mimeType":"image/jpg","filesize":107332,"filename":"issue-2-page-8-cover_image.jpg"},{"name":"social_preview","width":1360,"height":2232,"url":"/api/media/thumbnail/issue-2-page-8-social_preview.jpg","mimeType":"image/jpg","filesize":119947,"filename":"issue-2-page-8-social_preview.jpg"},{"name":"avatar","width":1360,"height":2232,"url":"/api/media/thumbnail/issue-2-page-8-avatar.jpg","mimeType":"image/jpg","filesize":12629,"filename":"issue-2-page-8-avatar.jpg"}]', 'general', 2, 1, NULL, 0, '2025-10-16T01:03:49.478Z', '2025-10-16T01:03:49.478Z', 'issue-2-page-8.jpg', NULL, 'issue-2-page-8.jpg', 'image/jpg', 630917, 1360, 2232);
INSERT OR IGNORE INTO media (id, alt, caption, image_sizes, media_type, uploaded_by_id, is_public, comic_meta_related_comic_id, comic_meta_is_n_s_f_w, updated_at, created_at, url, thumbnail_u_r_l, filename, mime_type, filesize, width, height) VALUES (36, NULL, NULL, '[{"name":"thumbnail","width":1600,"height":2626,"url":"/api/media/thumbnail/issue-2-page-9-thumbnail.jpg","mimeType":"image/jpg","filesize":69093,"filename":"issue-2-page-9-thumbnail.jpg"},{"name":"thumbnail_small","width":1600,"height":2626,"url":"/api/media/thumbnail/issue-2-page-9-thumbnail_small.jpg","mimeType":"image/jpg","filesize":21053,"filename":"issue-2-page-9-thumbnail_small.jpg"},{"name":"webcomic_page","width":1600,"height":2626,"url":"/api/media/thumbnail/issue-2-page-9-webcomic_page.jpg","mimeType":"image/jpg","filesize":222769,"filename":"issue-2-page-9-webcomic_page.jpg"},{"name":"webcomic_mobile","width":1600,"height":2626,"url":"/api/media/thumbnail/issue-2-page-9-webcomic_mobile.jpg","mimeType":"image/jpg","filesize":69093,"filename":"issue-2-page-9-webcomic_mobile.jpg"},{"name":"cover_image","width":1600,"height":2626,"url":"/api/media/thumbnail/issue-2-page-9-cover_image.jpg","mimeType":"image/jpg","filesize":109626,"filename":"issue-2-page-9-cover_image.jpg"},{"name":"social_preview","width":1600,"height":2626,"url":"/api/media/thumbnail/issue-2-page-9-social_preview.jpg","mimeType":"image/jpg","filesize":122876,"filename":"issue-2-page-9-social_preview.jpg"},{"name":"avatar","width":1600,"height":2626,"url":"/api/media/thumbnail/issue-2-page-9-avatar.jpg","mimeType":"image/jpg","filesize":13094,"filename":"issue-2-page-9-avatar.jpg"}]', 'general', 2, 1, NULL, 0, '2025-10-16T01:03:49.478Z', '2025-10-16T01:03:49.478Z', 'issue-2-page-9.jpg', NULL, 'issue-2-page-9.jpg', 'image/jpg', 499801, 1600, 2626);
INSERT OR IGNORE INTO media (id, alt, caption, image_sizes, media_type, uploaded_by_id, is_public, comic_meta_related_comic_id, comic_meta_is_n_s_f_w, updated_at, created_at, url, thumbnail_u_r_l, filename, mime_type, filesize, width, height) VALUES (37, NULL, NULL, '[{"name":"thumbnail","width":1600,"height":2626,"url":"/api/media/thumbnail/issue-2-page-10-thumbnail.jpg","mimeType":"image/jpg","filesize":58648,"filename":"issue-2-page-10-thumbnail.jpg"},{"name":"thumbnail_small","width":1600,"height":2626,"url":"/api/media/thumbnail/issue-2-page-10-thumbnail_small.jpg","mimeType":"image/jpg","filesize":17413,"filename":"issue-2-page-10-thumbnail_small.jpg"},{"name":"webcomic_page","width":1600,"height":2626,"url":"/api/media/thumbnail/issue-2-page-10-webcomic_page.jpg","mimeType":"image/jpg","filesize":201471,"filename":"issue-2-page-10-webcomic_page.jpg"},{"name":"webcomic_mobile","width":1600,"height":2626,"url":"/api/media/thumbnail/issue-2-page-10-webcomic_mobile.jpg","mimeType":"image/jpg","filesize":58648,"filename":"issue-2-page-10-webcomic_mobile.jpg"},{"name":"cover_image","width":1600,"height":2626,"url":"/api/media/thumbnail/issue-2-page-10-cover_image.jpg","mimeType":"image/jpg","filesize":98276,"filename":"issue-2-page-10-cover_image.jpg"},{"name":"social_preview","width":1600,"height":2626,"url":"/api/media/thumbnail/issue-2-page-10-social_preview.jpg","mimeType":"image/jpg","filesize":125920,"filename":"issue-2-page-10-social_preview.jpg"},{"name":"avatar","width":1600,"height":2626,"url":"/api/media/thumbnail/issue-2-page-10-avatar.jpg","mimeType":"image/jpg","filesize":10604,"filename":"issue-2-page-10-avatar.jpg"}]', 'general', 2, 1, NULL, 0, '2025-10-16T01:03:49.478Z', '2025-10-16T01:03:49.478Z', 'issue-2-page-10.jpg', NULL, 'issue-2-page-10.jpg', 'image/jpg', 456729, 1600, 2626);
INSERT OR IGNORE INTO media (id, alt, caption, image_sizes, media_type, uploaded_by_id, is_public, comic_meta_related_comic_id, comic_meta_is_n_s_f_w, updated_at, created_at, url, thumbnail_u_r_l, filename, mime_type, filesize, width, height) VALUES (38, NULL, NULL, '[{"name":"thumbnail","width":1360,"height":2232,"url":"/api/media/thumbnail/issue-2-page-11-thumbnail.jpg","mimeType":"image/jpg","filesize":63751,"filename":"issue-2-page-11-thumbnail.jpg"},{"name":"thumbnail_small","width":1360,"height":2232,"url":"/api/media/thumbnail/issue-2-page-11-thumbnail_small.jpg","mimeType":"image/jpg","filesize":19651,"filename":"issue-2-page-11-thumbnail_small.jpg"},{"name":"webcomic_page","width":1360,"height":2232,"url":"/api/media/thumbnail/issue-2-page-11-webcomic_page.jpg","mimeType":"image/jpg","filesize":202515,"filename":"issue-2-page-11-webcomic_page.jpg"},{"name":"webcomic_mobile","width":1360,"height":2232,"url":"/api/media/thumbnail/issue-2-page-11-webcomic_mobile.jpg","mimeType":"image/jpg","filesize":63751,"filename":"issue-2-page-11-webcomic_mobile.jpg"},{"name":"cover_image","width":1360,"height":2232,"url":"/api/media/thumbnail/issue-2-page-11-cover_image.jpg","mimeType":"image/jpg","filesize":107332,"filename":"issue-2-page-11-cover_image.jpg"},{"name":"social_preview","width":1360,"height":2232,"url":"/api/media/thumbnail/issue-2-page-11-social_preview.jpg","mimeType":"image/jpg","filesize":119947,"filename":"issue-2-page-11-social_preview.jpg"},{"name":"avatar","width":1360,"height":2232,"url":"/api/media/thumbnail/issue-2-page-11-avatar.jpg","mimeType":"image/jpg","filesize":12629,"filename":"issue-2-page-11-avatar.jpg"}]', 'general', 2, 1, NULL, 0, '2025-10-16T01:03:49.478Z', '2025-10-16T01:03:49.478Z', 'issue-2-page-11.jpg', NULL, 'issue-2-page-11.jpg', 'image/jpg', 630917, 1360, 2232);
INSERT OR IGNORE INTO media (id, alt, caption, image_sizes, media_type, uploaded_by_id, is_public, comic_meta_related_comic_id, comic_meta_is_n_s_f_w, updated_at, created_at, url, thumbnail_u_r_l, filename, mime_type, filesize, width, height) VALUES (39, NULL, NULL, '[{"name":"thumbnail","width":1,"height":1,"url":"/api/media/thumbnail/dot-thumbnail.gif","mimeType":"image/gif","filesize":49,"filename":"dot-thumbnail.gif"},{"name":"thumbnail_small","width":1,"height":1,"url":"/api/media/thumbnail/dot-thumbnail_small.gif","mimeType":"image/gif","filesize":49,"filename":"dot-thumbnail_small.gif"},{"name":"webcomic_page","width":1,"height":1,"url":"/api/media/thumbnail/dot-webcomic_page.gif","mimeType":"image/gif","filesize":49,"filename":"dot-webcomic_page.gif"},{"name":"webcomic_mobile","width":1,"height":1,"url":"/api/media/thumbnail/dot-webcomic_mobile.gif","mimeType":"image/gif","filesize":49,"filename":"dot-webcomic_mobile.gif"},{"name":"cover_image","width":1,"height":1,"url":"/api/media/thumbnail/dot-cover_image.gif","mimeType":"image/gif","filesize":1155,"filename":"dot-cover_image.gif"},{"name":"social_preview","width":1,"height":1,"url":"/api/media/thumbnail/dot-social_preview.gif","mimeType":"image/gif","filesize":1495,"filename":"dot-social_preview.gif"},{"name":"avatar","width":1,"height":1,"url":"/api/media/thumbnail/dot-avatar.gif","mimeType":"image/gif","filesize":309,"filename":"dot-avatar.gif"}]', 'website_asset', 2, 1, NULL, 0, '2025-10-16T01:03:49.478Z', '2025-10-16T01:03:49.478Z', 'dot.gif', NULL, 'dot.gif', 'image/gif', 49, 1, 1);
INSERT OR IGNORE INTO media (id, alt, caption, image_sizes, media_type, uploaded_by_id, is_public, comic_meta_related_comic_id, comic_meta_is_n_s_f_w, updated_at, created_at, url, thumbnail_u_r_l, filename, mime_type, filesize, width, height) VALUES (40, NULL, NULL, '[{"name":"thumbnail","width":1600,"height":2626,"url":"/api/media/thumbnail/issue-2-page-12-thumbnail.jpg","mimeType":"image/jpg","filesize":69093,"filename":"issue-2-page-12-thumbnail.jpg"},{"name":"thumbnail_small","width":1600,"height":2626,"url":"/api/media/thumbnail/issue-2-page-12-thumbnail_small.jpg","mimeType":"image/jpg","filesize":21053,"filename":"issue-2-page-12-thumbnail_small.jpg"},{"name":"webcomic_page","width":1600,"height":2626,"url":"/api/media/thumbnail/issue-2-page-12-webcomic_page.jpg","mimeType":"image/jpg","filesize":222769,"filename":"issue-2-page-12-webcomic_page.jpg"},{"name":"webcomic_mobile","width":1600,"height":2626,"url":"/api/media/thumbnail/issue-2-page-12-webcomic_mobile.jpg","mimeType":"image/jpg","filesize":69093,"filename":"issue-2-page-12-webcomic_mobile.jpg"},{"name":"cover_image","width":1600,"height":2626,"url":"/api/media/thumbnail/issue-2-page-12-cover_image.jpg","mimeType":"image/jpg","filesize":109626,"filename":"issue-2-page-12-cover_image.jpg"},{"name":"social_preview","width":1600,"height":2626,"url":"/api/media/thumbnail/issue-2-page-12-social_preview.jpg","mimeType":"image/jpg","filesize":122876,"filename":"issue-2-page-12-social_preview.jpg"},{"name":"avatar","width":1600,"height":2626,"url":"/api/media/thumbnail/issue-2-page-12-avatar.jpg","mimeType":"image/jpg","filesize":13094,"filename":"issue-2-page-12-avatar.jpg"}]', 'general', 2, 1, NULL, 0, '2025-10-16T01:03:49.478Z', '2025-10-16T01:03:49.478Z', 'issue-2-page-12.jpg', NULL, 'issue-2-page-12.jpg', 'image/jpg', 499801, 1600, 2626);
INSERT OR IGNORE INTO media (id, alt, caption, image_sizes, media_type, uploaded_by_id, is_public, comic_meta_related_comic_id, comic_meta_is_n_s_f_w, updated_at, created_at, url, thumbnail_u_r_l, filename, mime_type, filesize, width, height) VALUES (41, NULL, NULL, '[{"name":"thumbnail","width":1600,"height":2626,"url":"/api/media/thumbnail/issue-2-page-13-thumbnail.jpg","mimeType":"image/jpg","filesize":58648,"filename":"issue-2-page-13-thumbnail.jpg"},{"name":"thumbnail_small","width":1600,"height":2626,"url":"/api/media/thumbnail/issue-2-page-13-thumbnail_small.jpg","mimeType":"image/jpg","filesize":17413,"filename":"issue-2-page-13-thumbnail_small.jpg"},{"name":"webcomic_page","width":1600,"height":2626,"url":"/api/media/thumbnail/issue-2-page-13-webcomic_page.jpg","mimeType":"image/jpg","filesize":201471,"filename":"issue-2-page-13-webcomic_page.jpg"},{"name":"webcomic_mobile","width":1600,"height":2626,"url":"/api/media/thumbnail/issue-2-page-13-webcomic_mobile.jpg","mimeType":"image/jpg","filesize":58648,"filename":"issue-2-page-13-webcomic_mobile.jpg"},{"name":"cover_image","width":1600,"height":2626,"url":"/api/media/thumbnail/issue-2-page-13-cover_image.jpg","mimeType":"image/jpg","filesize":98276,"filename":"issue-2-page-13-cover_image.jpg"},{"name":"social_preview","width":1600,"height":2626,"url":"/api/media/thumbnail/issue-2-page-13-social_preview.jpg","mimeType":"image/jpg","filesize":125920,"filename":"issue-2-page-13-social_preview.jpg"},{"name":"avatar","width":1600,"height":2626,"url":"/api/media/thumbnail/issue-2-page-13-avatar.jpg","mimeType":"image/jpg","filesize":10604,"filename":"issue-2-page-13-avatar.jpg"}]', 'general', 2, 1, NULL, 0, '2025-10-16T01:03:49.478Z', '2025-10-16T01:03:49.478Z', 'issue-2-page-13.jpg', NULL, 'issue-2-page-13.jpg', 'image/jpg', 456729, 1600, 2626);
INSERT OR IGNORE INTO media (id, alt, caption, image_sizes, media_type, uploaded_by_id, is_public, comic_meta_related_comic_id, comic_meta_is_n_s_f_w, updated_at, created_at, url, thumbnail_u_r_l, filename, mime_type, filesize, width, height) VALUES (42, NULL, NULL, '[{"name":"thumbnail","width":1600,"height":2626,"url":"/api/media/thumbnail/issue-2-page-14-thumbnail.jpg","mimeType":"image/jpg","filesize":63369,"filename":"issue-2-page-14-thumbnail.jpg"},{"name":"thumbnail_small","width":1600,"height":2626,"url":"/api/media/thumbnail/issue-2-page-14-thumbnail_small.jpg","mimeType":"image/jpg","filesize":18053,"filename":"issue-2-page-14-thumbnail_small.jpg"},{"name":"webcomic_page","width":1600,"height":2626,"url":"/api/media/thumbnail/issue-2-page-14-webcomic_page.jpg","mimeType":"image/jpg","filesize":221249,"filename":"issue-2-page-14-webcomic_page.jpg"},{"name":"webcomic_mobile","width":1600,"height":2626,"url":"/api/media/thumbnail/issue-2-page-14-webcomic_mobile.jpg","mimeType":"image/jpg","filesize":63369,"filename":"issue-2-page-14-webcomic_mobile.jpg"},{"name":"cover_image","width":1600,"height":2626,"url":"/api/media/thumbnail/issue-2-page-14-cover_image.jpg","mimeType":"image/jpg","filesize":106417,"filename":"issue-2-page-14-cover_image.jpg"},{"name":"social_preview","width":1600,"height":2626,"url":"/api/media/thumbnail/issue-2-page-14-social_preview.jpg","mimeType":"image/jpg","filesize":114460,"filename":"issue-2-page-14-social_preview.jpg"},{"name":"avatar","width":1600,"height":2626,"url":"/api/media/thumbnail/issue-2-page-14-avatar.jpg","mimeType":"image/jpg","filesize":10159,"filename":"issue-2-page-14-avatar.jpg"}]', 'general', 2, 1, NULL, 0, '2025-10-16T01:03:49.478Z', '2025-10-16T01:03:49.478Z', 'issue-2-page-14.jpg', NULL, 'issue-2-page-14.jpg', 'image/jpg', 519527, 1600, 2626);

-- Comics (1 records)
INSERT OR IGNORE INTO comics (id, title, slug, description, author_id, cover_image_id, status, publish_schedule, is_n_s_f_w, stats_total_pages, stats_total_chapters, stats_last_page_published, updated_at, created_at) VALUES (1, 'The Automan''s Daughter', 'automans-daughter', 'An adventure story set in an alternate-historical dieselpunk world, The Automan''s Daughter follows military-school dropout Aisha Osman and her industrialist uncle Siddig as they outwit bikers, spies and kidnappers while gearing up for a tournament showdown with the formidable Widowmaker mecha.', 1, NULL, 'hiatus', 'irregular', 0, 27, 5, '2025-09-28T10:16:00.000Z', '2025-10-15T20:25:53.906Z', '2025-10-15T20:25:51.457Z');

-- Chapters (5 records)
INSERT OR IGNORE INTO chapters (id, comic_id, title, "order", description, updated_at, created_at) VALUES (1, 1, 'Chapter 1', 1, NULL, '2025-10-15T20:25:51.475Z', '2025-10-15T20:25:51.475Z');
INSERT OR IGNORE INTO chapters (id, comic_id, title, "order", description, updated_at, created_at) VALUES (2, 1, 'Chapter 2', 2, NULL, '2025-10-15T20:25:51.534Z', '2025-10-15T20:25:51.534Z');
INSERT OR IGNORE INTO chapters (id, comic_id, title, "order", description, updated_at, created_at) VALUES (3, 1, 'Chapter 3', 3, NULL, '2025-10-15T20:25:51.585Z', '2025-10-15T20:25:51.585Z');
INSERT OR IGNORE INTO chapters (id, comic_id, title, "order", description, updated_at, created_at) VALUES (4, 1, 'Chapter 4', 4, '', '2025-10-15T20:25:51.641Z', '2025-10-15T20:25:51.641Z');
INSERT OR IGNORE INTO chapters (id, comic_id, title, "order", description, updated_at, created_at) VALUES (5, 1, 'Chapter 5', 5, '', '2025-10-15T20:25:51.692Z', '2025-10-15T20:25:51.692Z');

-- Pages (29 records)
INSERT OR IGNORE INTO pages (id, comic_id, chapter_id, chapter_page_number, global_page_number, title, display_title, page_image_id, thumbnail_image_id, alt_text, author_notes, status, published_date, navigation_previous_page_id, navigation_next_page_id, navigation_is_first_page, navigation_is_last_page, stats_view_count, stats_first_viewed, stats_last_viewed, updated_at, created_at) VALUES (1, 1, 3, 0, 1, 'Chapter 3, cover', 'Chapter 3 - Page ?: Chapter 3, cover', 4, 4, 'The cover for Chapter 3, featuring a photo of the Osmans standing in front of an ornate door and wearing fancy outfits. Aisha looks much younger, Tajj is holding her infant son.', '', 'published', '2025-09-28T00:58:00.000Z', NULL, NULL, 0, 0, 0, NULL, NULL, '2025-10-15T20:25:51.782Z', '2025-10-15T20:25:51.782Z');
INSERT OR IGNORE INTO pages (id, comic_id, chapter_id, chapter_page_number, global_page_number, title, display_title, page_image_id, thumbnail_image_id, alt_text, author_notes, status, published_date, navigation_previous_page_id, navigation_next_page_id, navigation_is_first_page, navigation_is_last_page, stats_view_count, stats_first_viewed, stats_last_viewed, updated_at, created_at) VALUES (2, 1, 2, 0, 1, 'Chapter 2, Cover', 'Chapter 2 - Page ?: Chapter 2, Cover', 25, 25, NULL, NULL, 'published', '2025-08-29T02:43:13.003Z', NULL, NULL, 0, 0, 0, NULL, NULL, '2025-10-15T20:25:51.868Z', '2025-10-15T20:25:51.868Z');
INSERT OR IGNORE INTO pages (id, comic_id, chapter_id, chapter_page_number, global_page_number, title, display_title, page_image_id, thumbnail_image_id, alt_text, author_notes, status, published_date, navigation_previous_page_id, navigation_next_page_id, navigation_is_first_page, navigation_is_last_page, stats_view_count, stats_first_viewed, stats_last_viewed, updated_at, created_at) VALUES (3, 1, 1, 0, 1, 'Chapter 1, cover', 'Chapter 1 - Page ?: Chapter 1, cover', 14, 14, 'Aisha Osman lies on the desert ground, surrounded by assorted monocycle parts. She is fixing a carburetor with a screwdriver.', NULL, 'published', '2025-08-28T21:15:12.332Z', NULL, NULL, 0, 0, 0, NULL, NULL, '2025-10-15T20:25:51.947Z', '2025-10-15T20:25:51.947Z');
INSERT OR IGNORE INTO pages (id, comic_id, chapter_id, chapter_page_number, global_page_number, title, display_title, page_image_id, thumbnail_image_id, alt_text, author_notes, status, published_date, navigation_previous_page_id, navigation_next_page_id, navigation_is_first_page, navigation_is_last_page, stats_view_count, stats_first_viewed, stats_last_viewed, updated_at, created_at) VALUES (4, 1, 3, 1, 4, 'Chapter 3, page 1', 'Chapter 3 - Page 1: Chapter 3, page 1', 10, 10, 'The limo approaches a junkyard on the outskirts of the city. Ali asks Aisha about it. She admits that her parents own the junkyard. They''re waiting outside.', '', 'published', '2025-09-27T21:29:23.745Z', NULL, NULL, 0, 0, 0, NULL, NULL, '2025-10-15T20:25:52.041Z', '2025-10-15T20:25:52.041Z');
INSERT OR IGNORE INTO pages (id, comic_id, chapter_id, chapter_page_number, global_page_number, title, display_title, page_image_id, thumbnail_image_id, alt_text, author_notes, status, published_date, navigation_previous_page_id, navigation_next_page_id, navigation_is_first_page, navigation_is_last_page, stats_view_count, stats_first_viewed, stats_last_viewed, updated_at, created_at) VALUES (5, 1, 2, 1, 3, 'Chapter 2, page 1', 'Chapter 2 - Page 1: Chapter 2, page 1', 26, 26, NULL, NULL, 'published', '2025-08-29T02:43:13.003Z', NULL, NULL, 0, 0, 0, NULL, NULL, '2025-10-15T20:25:52.118Z', '2025-10-15T20:25:52.118Z');
INSERT OR IGNORE INTO pages (id, comic_id, chapter_id, chapter_page_number, global_page_number, title, display_title, page_image_id, thumbnail_image_id, alt_text, author_notes, status, published_date, navigation_previous_page_id, navigation_next_page_id, navigation_is_first_page, navigation_is_last_page, stats_view_count, stats_first_viewed, stats_last_viewed, updated_at, created_at) VALUES (6, 1, 1, 1, 2, 'Chapter 1, page 1', 'Chapter 1 - Page 1: Chapter 1, page 1', 15, 15, NULL, NULL, 'published', '2025-08-28T21:23:35.198Z', NULL, NULL, 0, 0, 0, NULL, NULL, '2025-10-15T20:25:52.205Z', '2025-10-15T20:25:52.205Z');
INSERT OR IGNORE INTO pages (id, comic_id, chapter_id, chapter_page_number, global_page_number, title, display_title, page_image_id, thumbnail_image_id, alt_text, author_notes, status, published_date, navigation_previous_page_id, navigation_next_page_id, navigation_is_first_page, navigation_is_last_page, stats_view_count, stats_first_viewed, stats_last_viewed, updated_at, created_at) VALUES (7, 1, 3, 2, 7, 'Chapter 3, page 2', 'Chapter 3 - Page 2: Chapter 3, page 2', 5, 5, 'Aisha embraces her mom and tearfully admits that she dropped out of the Academy. Tajj immediately demands to know if she''s pregnant.', '', 'published', '2025-09-28T01:30:00.000Z', NULL, NULL, 0, 0, 0, NULL, NULL, '2025-10-15T20:25:52.298Z', '2025-10-15T20:25:52.298Z');
INSERT OR IGNORE INTO pages (id, comic_id, chapter_id, chapter_page_number, global_page_number, title, display_title, page_image_id, thumbnail_image_id, alt_text, author_notes, status, published_date, navigation_previous_page_id, navigation_next_page_id, navigation_is_first_page, navigation_is_last_page, stats_view_count, stats_first_viewed, stats_last_viewed, updated_at, created_at) VALUES (8, 1, 2, 2, 5, 'Chapter 2, page 2', 'Chapter 2 - Page 2: Chapter 2, page 2', 27, 27, NULL, NULL, 'published', '2025-08-29T03:03:35.389Z', NULL, NULL, 0, 0, 0, NULL, NULL, '2025-10-15T20:25:52.377Z', '2025-10-15T20:25:52.377Z');
INSERT OR IGNORE INTO pages (id, comic_id, chapter_id, chapter_page_number, global_page_number, title, display_title, page_image_id, thumbnail_image_id, alt_text, author_notes, status, published_date, navigation_previous_page_id, navigation_next_page_id, navigation_is_first_page, navigation_is_last_page, stats_view_count, stats_first_viewed, stats_last_viewed, updated_at, created_at) VALUES (9, 1, 1, 2, 3, 'Chapter 1, page 2', 'Chapter 1 - Page 2: Chapter 1, page 2', 18, 18, NULL, NULL, 'published', '2025-08-28T21:25:45.709Z', NULL, NULL, 0, 0, 0, NULL, NULL, '2025-10-15T20:25:52.446Z', '2025-10-15T20:25:52.446Z');
INSERT OR IGNORE INTO pages (id, comic_id, chapter_id, chapter_page_number, global_page_number, title, display_title, page_image_id, thumbnail_image_id, alt_text, author_notes, status, published_date, navigation_previous_page_id, navigation_next_page_id, navigation_is_first_page, navigation_is_last_page, stats_view_count, stats_first_viewed, stats_last_viewed, updated_at, created_at) VALUES (10, 1, 3, 3, 10, 'Chapter 3, Page 3', 'Chapter 3 - Page 3: Chapter 3, Page 3', 11, 11, 'Aisha''s parents protest that Aisha needs to return to the Academy, but Aisha gets surly.', '', 'published', '2025-09-28T01:37:00.000Z', NULL, NULL, 0, 0, 0, NULL, NULL, '2025-10-15T20:25:52.535Z', '2025-10-15T20:25:52.535Z');
INSERT OR IGNORE INTO pages (id, comic_id, chapter_id, chapter_page_number, global_page_number, title, display_title, page_image_id, thumbnail_image_id, alt_text, author_notes, status, published_date, navigation_previous_page_id, navigation_next_page_id, navigation_is_first_page, navigation_is_last_page, stats_view_count, stats_first_viewed, stats_last_viewed, updated_at, created_at) VALUES (11, 1, 2, 3, 7, 'Chapter 2, page 3', 'Chapter 2 - Page 3: Chapter 2, page 3', 28, 28, NULL, NULL, 'published', '2025-08-29T02:56:01.381Z', NULL, NULL, 0, 0, 0, NULL, NULL, '2025-10-15T20:25:52.612Z', '2025-10-15T20:25:52.612Z');
INSERT OR IGNORE INTO pages (id, comic_id, chapter_id, chapter_page_number, global_page_number, title, display_title, page_image_id, thumbnail_image_id, alt_text, author_notes, status, published_date, navigation_previous_page_id, navigation_next_page_id, navigation_is_first_page, navigation_is_last_page, stats_view_count, stats_first_viewed, stats_last_viewed, updated_at, created_at) VALUES (12, 1, 1, 3, 4, 'Chapter 1, page 3', 'Chapter 1 - Page 3: Chapter 1, page 3', 16, 16, NULL, NULL, 'published', '2025-08-28T21:33:28.306Z', NULL, NULL, 0, 0, 0, NULL, NULL, '2025-10-15T20:25:52.681Z', '2025-10-15T20:25:52.681Z');
INSERT OR IGNORE INTO pages (id, comic_id, chapter_id, chapter_page_number, global_page_number, title, display_title, page_image_id, thumbnail_image_id, alt_text, author_notes, status, published_date, navigation_previous_page_id, navigation_next_page_id, navigation_is_first_page, navigation_is_last_page, stats_view_count, stats_first_viewed, stats_last_viewed, updated_at, created_at) VALUES (13, 1, 3, 4, 13, 'Issue 3 Page 4', 'Chapter 3 - Page 4: Issue 3 Page 4', 12, 12, 'Aisha stomps off to her room, leaving her parents in stunned silence. Unfortunately, Aisha is horrified to discover that her room is now filled with equipment and machinery.', '', 'published', '2025-09-28T10:16:00.000Z', NULL, NULL, 0, 0, 0, NULL, NULL, '2025-10-15T20:25:52.772Z', '2025-10-15T20:25:52.772Z');
INSERT OR IGNORE INTO pages (id, comic_id, chapter_id, chapter_page_number, global_page_number, title, display_title, page_image_id, thumbnail_image_id, alt_text, author_notes, status, published_date, navigation_previous_page_id, navigation_next_page_id, navigation_is_first_page, navigation_is_last_page, stats_view_count, stats_first_viewed, stats_last_viewed, updated_at, created_at) VALUES (14, 1, 2, 4, 9, 'Chapter 2, page 4', 'Chapter 2 - Page 4: Chapter 2, page 4', 29, 29, NULL, NULL, 'published', '2025-08-29T02:59:07.782Z', NULL, NULL, 0, 0, 0, NULL, NULL, '2025-10-15T20:25:52.841Z', '2025-10-15T20:25:52.841Z');
INSERT OR IGNORE INTO pages (id, comic_id, chapter_id, chapter_page_number, global_page_number, title, display_title, page_image_id, thumbnail_image_id, alt_text, author_notes, status, published_date, navigation_previous_page_id, navigation_next_page_id, navigation_is_first_page, navigation_is_last_page, stats_view_count, stats_first_viewed, stats_last_viewed, updated_at, created_at) VALUES (15, 1, 1, 4, 5, 'Chapter 1, page 4', 'Chapter 1 - Page 4: Chapter 1, page 4', 19, 19, NULL, NULL, 'published', '2025-08-28T21:33:14.019Z', NULL, NULL, 0, 0, 0, NULL, NULL, '2025-10-15T20:25:52.905Z', '2025-10-15T20:25:52.904Z');
INSERT OR IGNORE INTO pages (id, comic_id, chapter_id, chapter_page_number, global_page_number, title, display_title, page_image_id, thumbnail_image_id, alt_text, author_notes, status, published_date, navigation_previous_page_id, navigation_next_page_id, navigation_is_first_page, navigation_is_last_page, stats_view_count, stats_first_viewed, stats_last_viewed, updated_at, created_at) VALUES (16, 1, 3, 5, 16, 'Issue 3 Page 5', 'Chapter 3 - Page 5: Issue 3 Page 5', 13, 13, 'Aisha''s room is unfit for habitation, so her father suggests that she live in the broken-down van in the junkyard. Aisha is displeased at this turn of events.', '', 'draft', '2025-09-28T14:13:00.000Z', NULL, NULL, 0, 0, 0, NULL, NULL, '2025-10-15T20:25:52.977Z', '2025-10-15T20:25:52.977Z');
INSERT OR IGNORE INTO pages (id, comic_id, chapter_id, chapter_page_number, global_page_number, title, display_title, page_image_id, thumbnail_image_id, alt_text, author_notes, status, published_date, navigation_previous_page_id, navigation_next_page_id, navigation_is_first_page, navigation_is_last_page, stats_view_count, stats_first_viewed, stats_last_viewed, updated_at, created_at) VALUES (17, 1, 2, 5, 11, 'Chapter 2, page 5', 'Chapter 2 - Page 5: Chapter 2, page 5', 32, 32, 'Farad marches over to Siddig''s table to yell at him about his work ethic, but Siddig only needles him further.', '', 'published', '2025-09-20T21:09:39.943Z', NULL, NULL, 0, 0, 0, NULL, NULL, '2025-10-15T20:25:53.048Z', '2025-10-15T20:25:53.048Z');
INSERT OR IGNORE INTO pages (id, comic_id, chapter_id, chapter_page_number, global_page_number, title, display_title, page_image_id, thumbnail_image_id, alt_text, author_notes, status, published_date, navigation_previous_page_id, navigation_next_page_id, navigation_is_first_page, navigation_is_last_page, stats_view_count, stats_first_viewed, stats_last_viewed, updated_at, created_at) VALUES (18, 1, 1, 5, 6, 'Chapter 1, page 5', 'Chapter 1 - Page 5: Chapter 1, page 5', 20, 20, NULL, NULL, 'published', '2025-08-29T02:22:26.074Z', NULL, NULL, 0, 0, 0, NULL, NULL, '2025-10-15T20:25:53.109Z', '2025-10-15T20:25:53.109Z');
INSERT OR IGNORE INTO pages (id, comic_id, chapter_id, chapter_page_number, global_page_number, title, display_title, page_image_id, thumbnail_image_id, alt_text, author_notes, status, published_date, navigation_previous_page_id, navigation_next_page_id, navigation_is_first_page, navigation_is_last_page, stats_view_count, stats_first_viewed, stats_last_viewed, updated_at, created_at) VALUES (19, 1, 3, 6, 19, 'Chapter 3, Page 6', 'Chapter 3 - Page 6: Chapter 3, Page 6', 6, 6, 'Osman introduces Aisha to Djalapi, his old tournament mech which has been repurposed into a junkyard patrol mech. He tosses her the remote control and wishes her a good night.', '', 'draft', NULL, NULL, NULL, 0, 0, 0, NULL, NULL, '2025-10-15T20:25:53.207Z', '2025-10-15T20:25:53.207Z');
INSERT OR IGNORE INTO pages (id, comic_id, chapter_id, chapter_page_number, global_page_number, title, display_title, page_image_id, thumbnail_image_id, alt_text, author_notes, status, published_date, navigation_previous_page_id, navigation_next_page_id, navigation_is_first_page, navigation_is_last_page, stats_view_count, stats_first_viewed, stats_last_viewed, updated_at, created_at) VALUES (20, 1, 2, 6, 13, 'Chapter 2, page 6', 'Chapter 2 - Page 6: Chapter 2, page 6', 40, 33, 'Farad loudly declares that Siddig will fight the Death Strider mecha as part of a live demonstration. Aisha asks Siddig why he hates his own company, but he gets up without answering her.', '', 'published', '2025-09-21T15:36:17.407Z', NULL, NULL, 0, 0, 0, NULL, NULL, '2025-10-15T20:25:53.276Z', '2025-10-15T20:25:53.276Z');
INSERT OR IGNORE INTO pages (id, comic_id, chapter_id, chapter_page_number, global_page_number, title, display_title, page_image_id, thumbnail_image_id, alt_text, author_notes, status, published_date, navigation_previous_page_id, navigation_next_page_id, navigation_is_first_page, navigation_is_last_page, stats_view_count, stats_first_viewed, stats_last_viewed, updated_at, created_at) VALUES (21, 1, 1, 6, 7, 'Chapter 1, page 6', 'Chapter 1 - Page 6: Chapter 1, page 6', 21, 21, NULL, NULL, 'published', '2025-08-29T02:34:07.477Z', NULL, NULL, 0, 0, 0, NULL, NULL, '2025-10-15T20:25:53.347Z', '2025-10-15T20:25:53.347Z');
INSERT OR IGNORE INTO pages (id, comic_id, chapter_id, chapter_page_number, global_page_number, title, display_title, page_image_id, thumbnail_image_id, alt_text, author_notes, status, published_date, navigation_previous_page_id, navigation_next_page_id, navigation_is_first_page, navigation_is_last_page, stats_view_count, stats_first_viewed, stats_last_viewed, updated_at, created_at) VALUES (22, 1, 2, 7, 15, 'Chapter 2, page 7', 'Chapter 2 - Page 7: Chapter 2, page 7', 41, 34, 'Farad taunts Siddig by emphasizing the mech''s technical prowess, but Siddig brushes him off and then pours a full pitcher of ice water onto his head.', '', 'published', '2025-09-21T15:40:16.181Z', NULL, NULL, 0, 0, 0, NULL, NULL, '2025-10-15T20:25:53.428Z', '2025-10-15T20:25:53.428Z');
INSERT OR IGNORE INTO pages (id, comic_id, chapter_id, chapter_page_number, global_page_number, title, display_title, page_image_id, thumbnail_image_id, alt_text, author_notes, status, published_date, navigation_previous_page_id, navigation_next_page_id, navigation_is_first_page, navigation_is_last_page, stats_view_count, stats_first_viewed, stats_last_viewed, updated_at, created_at) VALUES (23, 1, 1, 7, 8, 'Chapter 1, page 7', 'Chapter 1 - Page 7: Chapter 1, page 7', 22, 22, NULL, NULL, 'published', '2025-08-29T02:34:57.369Z', NULL, NULL, 0, 0, 0, NULL, NULL, '2025-10-15T20:25:53.488Z', '2025-10-15T20:25:53.488Z');
INSERT OR IGNORE INTO pages (id, comic_id, chapter_id, chapter_page_number, global_page_number, title, display_title, page_image_id, thumbnail_image_id, alt_text, author_notes, status, published_date, navigation_previous_page_id, navigation_next_page_id, navigation_is_first_page, navigation_is_last_page, stats_view_count, stats_first_viewed, stats_last_viewed, updated_at, created_at) VALUES (24, 1, 2, 8, 17, 'Chapter 2, page 8', 'Chapter 2 - Page 8: Chapter 2, page 8', 1, 1, 'Grabbing the chafing-dish lid off a hot turkey platter on a nearby catering trolly, Siddig kicks the trolley down the length of the dining hall. The mech''s heat sensor follows the turkey.', '', 'published', '2025-09-27T20:33:36.717Z', NULL, NULL, 0, 0, 0, NULL, NULL, '2025-10-15T20:25:53.561Z', '2025-10-15T20:25:53.561Z');
INSERT OR IGNORE INTO pages (id, comic_id, chapter_id, chapter_page_number, global_page_number, title, display_title, page_image_id, thumbnail_image_id, alt_text, author_notes, status, published_date, navigation_previous_page_id, navigation_next_page_id, navigation_is_first_page, navigation_is_last_page, stats_view_count, stats_first_viewed, stats_last_viewed, updated_at, created_at) VALUES (25, 1, 1, 8, 9, 'Chapter 1, page 8', 'Chapter 1 - Page 8: Chapter 1, page 8', 23, 23, NULL, NULL, 'published', '2025-08-29T02:36:57.578Z', NULL, NULL, 0, 0, 0, NULL, NULL, '2025-10-15T20:25:53.620Z', '2025-10-15T20:25:53.619Z');
INSERT OR IGNORE INTO pages (id, comic_id, chapter_id, chapter_page_number, global_page_number, title, display_title, page_image_id, thumbnail_image_id, alt_text, author_notes, status, published_date, navigation_previous_page_id, navigation_next_page_id, navigation_is_first_page, navigation_is_last_page, stats_view_count, stats_first_viewed, stats_last_viewed, updated_at, created_at) VALUES (26, 1, 2, 9, 19, 'Chapter 2, page 9', 'Chapter 2 - Page 9: Chapter 2, page 9', 2, 2, '', '', 'published', '2025-09-27T20:42:07.046Z', NULL, NULL, 0, 0, 0, NULL, NULL, '2025-10-15T20:25:53.691Z', '2025-10-15T20:25:53.691Z');
INSERT OR IGNORE INTO pages (id, comic_id, chapter_id, chapter_page_number, global_page_number, title, display_title, page_image_id, thumbnail_image_id, alt_text, author_notes, status, published_date, navigation_previous_page_id, navigation_next_page_id, navigation_is_first_page, navigation_is_last_page, stats_view_count, stats_first_viewed, stats_last_viewed, updated_at, created_at) VALUES (27, 1, 1, 9, 10, 'Chapter 1, page 9', 'Chapter 1 - Page 9: Chapter 1, page 9', 24, 24, NULL, NULL, 'published', '2025-08-29T02:36:57.578Z', NULL, NULL, 0, 0, 0, NULL, NULL, '2025-10-15T20:25:53.747Z', '2025-10-15T20:25:53.747Z');
INSERT OR IGNORE INTO pages (id, comic_id, chapter_id, chapter_page_number, global_page_number, title, display_title, page_image_id, thumbnail_image_id, alt_text, author_notes, status, published_date, navigation_previous_page_id, navigation_next_page_id, navigation_is_first_page, navigation_is_last_page, stats_view_count, stats_first_viewed, stats_last_viewed, updated_at, created_at) VALUES (28, 1, 2, 10, 21, 'Chapter 2, page 10', 'Chapter 2 - Page 10: Chapter 2, page 10', 3, 3, 'Siddig has clambered into the Death Strider''s cockpit. He chastises Farad and loudly declares his own company a washed-up joke.', '', 'published', '2025-09-28T00:58:00.000Z', NULL, NULL, 0, 0, 0, NULL, NULL, '2025-10-15T20:25:53.811Z', '2025-10-15T20:25:53.811Z');
INSERT OR IGNORE INTO pages (id, comic_id, chapter_id, chapter_page_number, global_page_number, title, display_title, page_image_id, thumbnail_image_id, alt_text, author_notes, status, published_date, navigation_previous_page_id, navigation_next_page_id, navigation_is_first_page, navigation_is_last_page, stats_view_count, stats_first_viewed, stats_last_viewed, updated_at, created_at) VALUES (29, 1, 2, 11, 22, 'Chapter 2, page 11', 'Chapter 2 - Page 11: Chapter 2, page 11', 9, 9, 'Farad sneers angrily at Siddig, perched in the tank''s cockpit, and swears that there will be consequences. Aisha, crouched behind a nearby table, frets.', '', 'published', '2025-09-28T00:57:00.000Z', NULL, NULL, 0, 0, 0, NULL, NULL, '2025-10-15T20:25:53.884Z', '2025-10-15T20:25:53.884Z');
